date,track_id,streams,daily_streams
2026-03-09,6sQckd3Z8NPxVVKUnavY1F,338585788,0
2026-03-09,4twNUyTpLMPWokYmCdFDCH,918782,0
2026-03-09,0CD7DzeCsuPJygddqlUVYa,439361883,0
2026-03-09,2ULNeSomDxVNmdDy8VxEBU,459735596,0
2026-03-09,2yLa0QULdQr0qAIvVwN6B5,1003853512,0
2026-03-09,1Ygm9KdH3wbzDekO8JgxcW,29747976,0
2026-03-09,3yII7UwgLF6K5zW3xad3MP,405741516,0
2026-03-09,1spLfUJxtyVyiKKTegQ2r4,34594134,0
2026-03-09,1SymEzIT3H8UZfibCs3TYi,502831877,0
2026-03-09,73OX8GdpOeGzKC6OvGSbsv,56386681,0
2026-03-09,4P9Q0GojKVXpRTJCaL3kyy,475039996,0
2026-03-09,2x3mwb96B6TquRqMtbxUE1,217598989,0
2026-03-09,3nsfB1vus2qaloUdcBZvDu,376387977,0
2026-03-09,1n3b9Eekoy3S9ZSZ5DmTW1,72699862,0
2026-03-09,5enxwA8aAbwZbf5qCHORXi,1174013044,0
2026-03-09,6aLOekfwbytwWvQftxTEF0,244906129,0
2026-03-09,6GXgd1BPD9bUpqw5AntGV5,157352984,0
2026-03-09,1u4HUiREUR6vX1W1RYG2Tm,16921774,0
2026-03-09,0V3wPSX9ygBnCm8psDIegu,1979140883,0
2026-03-09,2wMKBH2p5kIDFkRWjS9IOW,1979140883,0
2026-03-09,0j0gJqxitjhmmkrW56dtQH,26831369,0
2026-03-09,2d3d9xZutJjmUpntiyHt3F,37927964,0
2026-03-09,6C0H8ts9M6deezz0yYR6LK,20780330,0
2026-03-09,16M9Rxid0nXhVmme7lzVwN,26831369,0
2026-03-09,4YrpqEBNuz7IMsZtUP6bNQ,9525508,0
2026-03-09,2oWpe2L8ypC080BxpDVuTY,40440459,0
2026-03-09,4MGexoZc12lqE0hYkq9YYx,28347491,0
2026-03-09,3hUxzQpSfdDqwM3ZTFQY0K,1743251205,0
2026-03-09,40PXEOFLJc7UIpLMrhSfW1,122486189,0
2026-03-09,4XiypEn8iKbeP1TbTqdfk5,4655012,0
2026-03-09,5l6GqSxplqnZbLg0LTPQeG,495587599,0
2026-03-09,79uDOz0zuuWS7HWxzMmTa2,296615878,0
2026-03-09,6IH2Z54gYPLqgJtxZjX80i,81411017,0
2026-03-09,0v4z1tuZvn6LGknom9Qx7d,165859988,0
2026-03-09,1UHoF9p75IVsvUt6WdTYhn,1743251205,0
2026-03-09,1IsquhJFJ0qcFZI7FeAEuN,14664539,0
2026-03-09,2evEoQAhIMaa9PfjTT5skG,20325218,
2026-03-09,2NlmmAjGYrrjAp0MED5rGx,734139205,
2026-03-09,48A0aShHlovDfTMucMrE66,144109579,
2026-03-09,64FzgoLZ3oXu2SriZblHic,151161241,
2026-03-09,4XMP3zVxrnr58T0tjIHvpR,270765006,
2026-03-09,6xsEAm6w9oMQYYg3jkEkMT,225063200,
2026-03-09,05GsNucq8Bngd9fnd4fRa0,161854511,
2026-03-09,6qAcApH8obo8eqatCKUHd9,135759074,
2026-03-09,3qoftcUZaUOncvIYjFSPdE,705671267,
2026-03-09,4OmFmE0fzcMG6g0Y8p4eSD,199906461,
2026-03-09,6505MLhnqTDDg4tjoUz2Wp,7756873,
2026-03-09,7wo2UNeQBowm28hfAJsEMz,19728753,
2026-03-09,71CBDRKmF2VeRKYMG1DFBh,248589607,
2026-03-09,0NwGC0v03ysCYINtg6ns58,180131622,
2026-03-09,1By2VQkUN0Frd8mKNV5NYC,244928531,
2026-03-09,4GS68CE8nKLIKjjapiSm2I,11307104,
2026-03-09,5kI4eCXXzyuIUXjQra0Cxi,450631728,
2026-03-09,1mh5dObNoOvCfHmXnhvDEK,16658082,
2026-03-09,0yisH8r0f3Mkq34kjzUlCV,5194045,
2026-03-09,45wMBGri1PORPjM9PwFfrS,360299343,
2026-03-09,7HC7R2D8WjXVcUHJyEGjRs,87071377,
2026-03-09,74sZKiwaGtSEEyjhDmi99y,368047303,
2026-03-09,5og4Qzt92jJzVDkOtSEilb,368047303,
2026-03-09,6S9G7J3EB1ZY0rrZPwsBg5,74852039,
2026-03-09,4qUijfYU8EoIWiY6oSyrgT,70507234,
2026-03-09,1u8c2t2Cy7UBoG4ArRcF5g,2374690605,
2026-03-09,3r9bgSJlJz2zlevcBRYXko,86448331,
2026-03-09,0qsSmObOgBZfuMIwfAQDBP,74852039,
2026-03-09,1VPHQriwOsy5aGHLwwZyho,538256,
2026-03-09,7zcnlq38eqNWyUF6eNaB5Z,1929452748,
2026-03-09,1GwMQaZz6Au3QLDbjbMdme,572346311,
2026-03-09,1appZ3c336FkPvCuywfmrs,211103178,
2026-03-09,4R2kfaDFhslZEMJqAFNpdd,1929452748,
2026-03-09,12xIjI9A9UlB6zEc7kyZ06,11810460,
2026-03-09,0g4fMVo4JjwnIpTfFfLdxS,121721516,
2026-03-09,4ABYxlb92WBIjHu7TIKmml,115882586,
2026-03-09,0sY6ZUTh4yoctD8VIXz339,816663591,
2026-03-09,0RdcBnAXyH2YZZvcBVu2k6,30493120,
2026-03-09,3ExweHKZF9B752DPQByRVT,58365127,
2026-03-09,4axSuOg3BqsowKjRpj59RU,93517400,
2026-03-09,2hmafYGj1CXYKIYcMnX4lj,47040677,
2026-03-09,1rmEsOezwf2lmIZTMAO5Ag,161562167,
2026-03-09,31JVjy3XWnh6C2zf4kLCXN,9744978,
2026-03-09,4mKye6Z1kXuKolzMkJoKFA,287875565,
2026-03-09,1alAo6dYalSx8yZUn17JxF,2920615,
2026-03-09,1g09DZjQ7yBommCT6POY2n,11504991,
2026-03-09,35rdVq36LMHQX0Suw9a6tK,156153586,
2026-03-09,50ho0AOvkm8E5l8zf7OfJI,15216071,
2026-03-09,4d9PtIEVij9jW5OaLinH66,172917574,
2026-03-09,0lKUBmEyQfzsQHozyeXzES,174895478,
2026-03-09,7an1exwMnfYRcdVQm0yDev,57655053,
2026-03-09,0cEG04R5cldkTLzK6phlcn,19105265,
2026-03-09,4bXCcoesMt8u99xMsbLr9U,215189179,
2026-03-09,4pl5zcqCv4vc3cB7M4MZ6f,19105265,
2026-03-09,4qyalTRMRH5YuEntvvMvq0,46769665,
2026-03-09,3k7ne7VmH43ZPWxPdvPUgR,231059742,
2026-03-09,4pNApnaUWAL2J4KO2eqokq,157354537,
2026-03-09,1n2wszmJyVkw6FHqyLnQsY,53420702,
2026-03-09,12M5uqx0ZuwkpLp5rJim1a,444818276,
2026-03-09,3fGnrtrtL1IHSX9t4DKOYf,83006018,
2026-03-09,1XjHRolIXL2M1EEOUsGGR4,255234035,
2026-03-09,5vyxXfD5gLlyPxGZMEjtmd,143585741,
2026-03-09,1BxfuPKGuaTgP7aM0Bbdwr,3274023189,
2026-03-09,1kHVme7OVyPqhtdiLj2SI4,3274023189,
2026-03-09,0ISHfeb30gj4CSWUZYuesj,1214236,
2026-03-09,37jfioVu3Bd2Du9bteXNDU,44140435,
2026-03-09,7I7JbDv63ZJJsSi24DyJrz,337365194,
2026-03-09,1fzAuUVbzlhZ1lJAx9PtY6,688432607,
2026-03-09,3ZfvKQxJp4zZshiJsRPoD1,392593,
2026-03-09,3K2es3gElMRJ3qvmPW442g,155164927,
2026-03-09,7ryS0xBZNYjQqql34GCkDp,35250903,
2026-03-09,2dgFqt3w9xIQRjhPtwNk3D,368404669,
2026-03-09,10GRRCR5fctuOF4GFmATJI,175362036,
2026-03-09,1zU8j1x3yi9xalMF96pzKp,148846004,
2026-03-09,3oF7Or7T35yhQbGxbCGvRX,45339275,
2026-03-09,6NFyWDv5CjfwuzoCkw47Xf,1300212481,
2026-03-09,1Fj0T1XKuhRu7EZzJ7NJIK,52130532,
2026-03-09,5Iadj8IBPrt634WW0yGPRI,637183,
2026-03-09,1R0a2iXumgCiFb7HEZ7gUE,1569643386,
2026-03-09,6SYwJcqaltK2WFRmD1unUV,8662528,
2026-03-09,2Sy2oGjP5RYB4cLVoDU0Gz,52244863,
2026-03-09,5JtXBqKLdfzwedmlUjjqAm,847662,
2026-03-09,670fUmXf4KQekzbEgaXyPA,229342750,
2026-03-09,4uuEGH5SVuzkkSFjo2DEiY,92485866,
2026-03-09,212gSq8QwTqxjHJSEcMoEZ,515074838,
2026-03-09,2F3N9tdombb64aW6VtZOdo,515074838,249139
2026-03-09,6oVxXO5oQ4pTpO8RSnkzvv,554481582,
2026-03-09,62HoDY1Km6lm47haFpUn9c,195339573,
2026-03-09,1jgTiNob5cVyXeJ3WgX5bL,308767264,536544
2026-03-09,2JHzTARFUispsjZHKhrxxO,4332126,
2026-03-09,2k0w1FGqvzVPgQ9VdTaJpe,373338,
2026-03-09,4e3ZNTAV6PCrdYMUrUlMpQ,121510430,
2026-03-09,3r9fAceWmaDFvbNiTnFiLr,1442424,
2026-03-09,2x0WlnmfG39ZuDmstl9xfX,618505693,
2026-03-09,4UBWugj5D20ZveyzdGpqvD,8128494,20625
2026-03-09,04S1pkp1VaIqjg8zZqknR5,1003655803,286220
2026-03-09,4cag67C3v9ToeFivUwDUsE,439774,186
2026-03-09,3sW3oSbzsfecv9XoUdGs7h,504753117,
2026-03-09,08fa9LFcFBTcilB3iq2e2A,233034610,
2026-03-09,4yyKppX85ZkmlGOC2toBZA,13376119,
2026-03-09,3O5osWf1rSoKMwe6E9ZaXP,297933156,
2026-03-09,7gdwoOmi258QJq0hmQ4hto,312050575,61925
2026-03-09,7qEUFOVcxRI19tbT68JcYK,228665564,128534
2026-03-09,6kz2hkq1xQvDqPcUyBkw8f,1064088905,461017
2026-03-09,4pvb0WLRcMtbPGmtejJJ6y,1064088905,
2026-03-09,2NIBaWXdjaTDmytjjwbEfP,50573514,10415
2026-03-09,5hQSXkFgbxjZo9uCwd11so,366572907,
2026-03-09,03bTIHJElXZ0O0jqOQvAbY,281665734,
2026-03-09,2NGGvVcfb2m2NbVaXHC3gb,1277846,1512
2026-03-09,3F6czr26ZwGU5O5CHY04Ma,147365081,48055
2026-03-09,6zV8AVM9eVfdG7Qahwd64R,147365081,
2026-03-09,4yf9OivCH2lmQWN8mzpCC6,131005884,
2026-03-09,3M0w3fhdXByHLCNAoi5c9G,131005884,
2026-03-09,77sMIMlNaSURUAXq5coCxE,454054270,165994
2026-03-09,2nqio0SfWg6gh2eCtfuMa5,132121946,
2026-03-09,4s8BIKx4Zh6ryAEz8RTlaU,135148389,
2026-03-09,1zxrcAk6eiytfavqriMcKT,60232123,11490
2026-03-09,3ZVFcD8Wlw9T9klGqmJf9F,322858139,
2026-03-09,01QdEx6kFr78ZejhQtWR5m,68575555,18534
2026-03-09,2OzhQlSqBEmt7hmkYxfT6m,1133066268,
2026-03-09,3oGVx9RBmiYGv5ZCecWLkx,121797035,27481
2026-03-09,1msEuwSBneBKpVCZQcFTsU,146886446,
2026-03-09,46HGgtwmmuEB8mvDCyjyAc,29821147,
2026-03-09,13MAWVUSkbGMUi6I7RowRK,29821147,3761
2026-03-09,2BUTSRKPGRsyc9FnsC5Udd,20238583,14156
2026-03-09,1gejz5ROvJBUb6WJzkMAcc,39998281,22574
2026-03-09,7pM01Cfj8vt7z3qI2TveNT,2105489,
2026-03-09,3fO566xJgwxIa3qGCGBvIC,248220627,145414
2026-03-09,2bzUVEvpZ7At5cYz1kOLI9,86928780,
2026-03-09,0DMVrlMUn01M0IcpDbwgu7,77513027,
2026-03-09,0VE4kBnHJUgtMf0dy6DRmW,900571419,303535
2026-03-09,7C0w28EsX0Um2FrZs9gso2,157220980,36253
2026-03-09,7bdyzcQ0onk60hfsxDCd2X,521648,
2026-03-09,6cf6rLb8qcklvJv90W6HCW,25358159,4036
2026-03-09,5BK0uqwY9DNfZ630STAEaq,356882100,
2026-03-09,1ZY1PqizIl78geGM4xWlEA,734942223,
2026-03-09,73YUReisjb3A9ActdLLjJQ,242499303,68267
2026-03-09,3ZHTwJzCNDFvjLpVQiqpH6,402265,154
2026-03-09,4tMzIAFTFdqGBQLdfbPces,125325533,
2026-03-09,0W0iAC1VGlB82PI6elxFYf,550817372,443624
2026-03-09,11UaQaEp2LvdspTyyuE3ur,118081736,22003
2026-03-09,6wcFdMmiDscAhZJrcVFumx,55417323,
2026-03-09,62rlxI6g2PNaWsHoiRryto,27971594,
2026-03-09,4fWDgRZa0GKE5KZNhE9MQa,55417323,
2026-03-09,3xYJScVfxByb61dYHTwiby,281845357,
2026-03-09,550erGcdD9n6PnwxrvYqZT,118540306,
2026-03-09,1SztNGCwEHJEVFx90E5g7D,198998894,
2026-03-09,0QTBsdoJhamY3Aid3fOsOd,16281783,
2026-03-09,60hGQrn24APqEFSLObLeDc,284558463,
2026-03-09,6MWoRt97mnSTXZhu3ggi9C,242232649,61164
2026-03-09,7J4b3LVCIGO4CMBDFLPoP6,117093356,
2026-03-09,5d2Kn9oAAh9S2EbyCo1i52,60017336,10121
2026-03-09,5Bedn0svl0ZD7RGmJkmKKw,213054513,
2026-03-09,4qmFC3Jz5aQ0erlk2OSi2X,175523560,287137
2026-03-09,733OhaXQIHY7BKtY3vnSkn,120942920,51162
2026-03-09,6wfugRLamFsTRbPcCpNnP7,192849736,33236
2026-03-09,5VwFkx7JOimOGTYfha5rs1,67150269,
2026-03-09,2r9CbjYgFhtAmcFv1cSquB,124871765,
2026-03-09,4dgf2DYVJbtmy8zAYLs4c7,800523429,351312
2026-03-09,4CkgMiMqZ5JzW9iYXSTMTL,282486513,
2026-03-09,0hFF0aqyjDwDh6SQwRbTyx,7745183,
2026-03-09,5chnRTB9qMK3W1M41SnU9s,183229330,77082
2026-03-09,2PGIFYRG1XWsPqNG14hgD1,5054408,1800
2026-03-09,4svZDCRz4cJoneBpjpx8DJ,573240170,148771
2026-03-09,5kHMfzgLZP95O9NBy0ku4v,338936334,81603
2026-03-09,2hecdut2HWM5JMHqLTWThq,518672,186
2026-03-09,2y5aJvzXhHPA94U5GFAcXe,2092423690,
2026-03-09,3hlGuz3loYoLfI3bpwieWq,171313086,96090
2026-03-09,43rA71bccXFGD4C8GOpIlN,411769518,
2026-03-09,6AtZLIzUINvExIUy4QhdjP,496140534,100720
2026-03-09,1ULabO0PEsdJekqVH6G10G,117758411,
2026-03-09,72jCZdH0Lhg93z6Z4hBjgj,1089620170,395828
2026-03-09,2zfgVd034GlUvk7LqBHl6u,146037457,
2026-03-09,4JQm7ebhsrt10wmrP6AfXL,6380922,579
2026-03-09,1Zai5UJ2di3qEuR2HeT2s8,129324272,
2026-03-09,2YWtcWi3a83pdEg3Gif4Pd,343920506,74457
2026-03-09,43y1WpBdnEy5TR9aZoSQL9,136352805,57683
2026-03-09,5gRYrtvyVyaCRvLt56OfuV,167458956,
2026-03-09,0JIdBrXGSJXS72zjF9ss9u,67135008,
2026-03-09,4TtyvyI42C0KFnbDZvNC8Y,4897628,
2026-03-09,0vvt4IZOMkRug195S4MUq0,49022478,7936
2026-03-09,0kAZ3H6G9Zac4PMpmobMkj,94998120,34146
2026-03-09,2NmsngXHeC1GQ9wWrzhOMf,606111844,
2026-03-09,1kcwpPDQnqEqmezzXdJTCP,247724823,
2026-03-09,3kfgJql90tzgoxByioAMXR,57067488,
2026-03-09,560uQyz3p5G9WdnMX39xc6,21082771,
2026-03-09,12nBPF4Rh4XLFJV0YLN7uj,66992523,22105
2026-03-09,5OOd01o2YS1QFwdpVLds3r,45735247,
2026-03-09,6VsvKPJ4xjVNKpI8VVZ3SV,516676532,
2026-03-09,5KByGq0JijSSDcy0qzuINs,17170410,5659
2026-03-09,1SmiQ65iSAbPto6gPFlBYm,161478045,29195
2026-03-09,6IG3sQ8s9nfk6TUlVzRhbN,577194450,144661
2026-03-09,19CSr8rwW05VJL2F91KFNK,284277619,70203
2026-03-09,1kdWw77ZpYOkhxeuhzU1j6,148532393,
2026-03-09,08gavXombT6KR0af88i9tA,28694487,
2026-03-09,2m3ObD945KvpE5y9A1eUWm,76024797,
2026-03-09,45R112Jz5hQeKgITXgSXzs,1005423122,
2026-03-09,5EsfyTD26nlVQ0DtYo16uJ,365611,163
2026-03-09,7HuBDWi18s4aJM8UFnNheH,366290197,116374
2026-03-09,6WWvcA62QlnRguluWAk6bv,28694487,
2026-03-09,2IprIjGNRlj3TfqUWCAo0C,43874295,3062
2026-03-09,4bBDkw2KBMX0tcgAaXC83Q,392780168,177378
2026-03-09,4i6cwNY6oIUU2XZxPIw82Y,113765154,
2026-03-09,1D27z8xNzjW0Mwwt1NCWhJ,139231339,28516
2026-03-09,59KOoHFcw5XfICnO57holu,135392042,73982
2026-03-09,5jQI2r1RdgtuT8S3iG8zFC,880421232,161486
2026-03-09,6hH37tyeRdyan1mAppmVor,7044878,1574
2026-03-09,5NlYplrGsjUDFZ6x3HeVyT,880421232,161486
2026-03-09,6F67FNdOBNMFzxdj1CQ5pL,18694638,7767
2026-03-09,2M4tVhRXucLE9M3STv21Yi,29106900,6312
2026-03-09,0ThxqUZ9PwS6n0UT5i1XH6,3067070,937
2026-03-09,7kjSmkSo15pHlkb0mOQtfj,4555326,1796
2026-03-09,3YkNIrAvbKNrrwwEd7NVLl,354817771,296328
2026-03-09,6XDBA3QWX51lDJ0oZbaJJN,116365213,22968
2026-03-09,1LLXZFeAHK9R4xUramtUKw,429870198,114647
2026-03-09,4hqJ4bSlYJOXb6Z4SRmzxs,217640123,94966
2026-03-09,2o2sgVJIgFXk8GQjWTgI6U,257675603,63171
2026-03-09,1zz0XSmHCFd57ne04UAp38,766431,317
2026-03-09,0kN3oXYWWAk1uC0y2WoyOE,1102213696,328348
2026-03-09,1P17dC1amhFzptugyAO7Il,1416456060,273651
2026-03-09,5xPsybHWRHbTYO44xnREY5,1102213696,328348
2026-03-09,6YvqWjhGD8mB5QXcbcUKtx,1155817851,471810
2026-03-09,5RaBeejGtdPEszYEKYECs2,40230063,7878
2026-03-09,1dGr1c8CrMLDpV6mPbImSI,1995373792,721248
2026-03-09,3RNDw7yywLNyawDKV99hTx,11400579,2231
2026-03-09,2msvOEbkK50foYf9BMXr2X,30073954,6766
2026-03-09,3i9UVldZOE0aD0JnyfAZZ0,330054750,42683
2026-03-09,5zOKuItOTZhRCGtPrDYmlj,4318005,961
2026-03-09,4lD3RXyvHpJsM3BhIEC4aA,13813081,4533
2026-03-09,04xrhDrQ2WOW8GLwu7kbc0,14489438,4725
2026-03-09,12ntTeqEeTg7GAVpe8Mhpl,313469350,108729
2026-03-09,3eX0NZfLtGzoLUxPNvRfqm,604441209,199303
2026-03-09,2QDyYdZyhlP2fp79KZX8Bi,271179795,62701
2026-03-09,1QQii3pa5m8MEda0nbkjfw,455112087,117446
2026-03-09,2Rk4JlNc2TPmZe2af99d45,973328953,126171
2026-03-09,5fOV54t6mMYv3H9CsnvU81,9637492,2824
2026-03-09,2QrQCMel6v2JiLxqrg4p2O,62652324,17575
2026-03-09,30Y4CV7A6YqtQtTTo7Ue4j,138293372,34891
2026-03-09,0KztjtD3ytzgYjUKIVfBnW,264712986,52985
2026-03-09,7mFiEij8AXPUZB7aKLbUlQ,7872954,1178
2026-03-09,6LZaxlycSWrJZ4Volb25qx,250920455,41450
2026-03-09,7yndkPYP6YQQLBpPsizDfh,7903512,1254
2026-03-09,3tGq7hWDCtrnL83y5OGual,24563703,5382
2026-03-09,7G0gBu6nLdhFDPRLc0HdDG,273760143,92795
2026-03-09,0GxW5K0qzrq7L1jwSY5OmY,56634436,6128
2026-03-09,3z6XUommYDWPHeFhmhhT6j,279502256,134441
2026-03-09,5jQyGzcwqAxwT5QUIMivoX,570322144,188052
2026-03-09,3rWDp9tBPQR9z6U5YyRSK4,842785568,222355
2026-03-09,0ZNU020wNYvgW84iljPkPP,570322144,188052
2026-03-09,2yceD2hx5HhOLgkm1CITCi,22922386,8410
2026-03-09,214nt20w5wOxJnY462klLw,552024773,155974
2026-03-09,2CYVETnhM9aytqrazYYwrK,466678347,122309
2026-03-09,2XXwLdtuAcE0HSCu61ijAb,397940471,196217
2026-03-09,0Oju1YcbPCJuUQQWoZNdJK,821838669,385619
2026-03-09,5mdNyCS7ttVcAyVYOIFEjs,31119680,12723
2026-03-09,1MgV7FIyNxIG7WzMRJV5HC,821838669,385619
2026-03-09,2EFZ9emtKWEglWUQGEQ3P9,88301620,38597
2026-03-09,6rZVy6FIG7lSJQMFXHo12z,326406481,73969
2026-03-09,3JilapcaOXzjR9gtvCY8FO,98899829,17200
2026-03-09,5M787RexsAiVYjQusM98CV,217568734,85234
2026-03-09,7F5oktn5YOsR9eR5YsFtqb,270172719,77819
2026-03-09,01K4zKU104LyJ8gMb7227B,295947814,87295
2026-03-09,5QUIK7ZtziW8kGWo8RqopF,426487251,119140
2026-03-09,3yWuTOYDztXjZxdE2cIRUa,603181420,2170819
2026-03-09,13tYZVTtzLUJTlM7m1ivbi,379658,169
2026-03-09,2slqvGLwzZZYsT4K4Y1GBC,139570070,16924
2026-03-09,3RaT22zZsxVYxxKR7TAaYF,345892066,69746
2026-03-09,0E3Vtmgzk067KASoo0HwzV,2096764,105342
2026-03-09,5t1wMjV9ldVDdYs4l7mG2g,1357348,59648
2026-03-09,7y16ygjcEcfo1VYKxmgVZY,9154935,33691
2026-03-09,0ttGLmxI0mAkMblE6iRm2S,1562386,42571
2026-03-09,7vf4GBEJmv0uXojpr5qPMX,1080043,3334
2026-03-09,7EWLNUpx0QWUCYfmBJS9qb,952620,7410
2026-03-09,1VCcPLfDiR1S9PJaSp5qm5,470481,8324
2026-03-09,5SkuikJwvwfEvNyCepGkq3,1340240,1571
2026-03-09,1EQn3Uc5AyUXoiPLeyCrrg,78036529,9692
2026-03-09,3yNJkriPzWjkkDAWHIAVUq,81457110,25729
2026-03-09,15DeqWWQB4dcEWzJg15VrN,455087463,129630
2026-03-09,045ZeOHPIzhxxsm8bq5kyE,251697229,233449
2026-03-09,4y5bvROuBDPr5fuwXbIBZR,825368202,220373
2026-03-09,68QyrSzpnoU04AAhE5z8lj,7377295,1020
2026-03-09,0qUnBLZ8bJqUNEeQgayL9t,363510422,90376
2026-03-09,5tWxKWq1DSP1s9WQ5PWuqu,239220177,62949
2026-03-09,4YHHz3VIXgNDGdoL9xC1tx,14675668,4940
2026-03-09,7MbT4I8qGntX4fMdqMQgke,268138558,67109
2026-03-09,3zMDGj4D8ogaYgAIZPeU7S,167582846,113067
2026-03-09,32mVHdy0bi1XKgr0ajsBlG,251920468,60595
2026-03-09,0heeNYlwOGuUSe7TgUD27B,360300585,72850
2026-03-09,0cITLOYn1Sv4q27zZPqlNK,292984615,58427
2026-03-09,4OAuvHryIVv4kMDNSLuPt6,434494575,201308
2026-03-09,4mqgn90sCeVSYqcoftTQTd,19127783,2469
2026-03-09,73W5aXorr5vxrySFcoZqIN,186389656,102057
2026-03-09,06zIBqLC9ZRm5i0iMf0kHI,26082971,25559
2026-03-09,2CnjDMdpRjlWv04Xk3s6MW,92944602,48384
2026-03-09,3zwMVvkBe2qIKDObWgXw4N,491833479,226541
2026-03-09,0Nw8hv79MLJa1yjtsEgz08,7610193,1186
2026-03-09,7nWui6jiMM2m9qFmET1Mtj,57792799,15173
2026-03-09,62V2ZHslgQV98gH4AuVXnr,201233704,344868
2026-03-09,6hKfPNnVlA2cgTgKj6Vgcw,7056167,20875
2026-03-09,4IQkfUsrwXol38VV3U7t7T,166629942,25447
2026-03-09,5QKhg4r4Ibt0LVTmWEXTEg,43697709,6557
2026-03-09,73qMN9bXy7MSPwwGfH3wQr,134721508,41195
2026-03-09,2RJnNdu4pb3MypbBroHU0T,82144046,25116
2026-03-09,3CCRVu4F91Qp2mnGjmWBrf,280615212,109128
2026-03-09,0z9UVN8VBHJ9HdfYsOuuNf,255845186,28432
2026-03-09,5eGX87IiKsGuzS3iw4CfCX,81351709,10467
2026-03-09,2vJ7QvyCiR4DaHxwO58izA,402315099,98606
2026-03-09,71IScwIe7bcIlpnlkbKVQw,16764253,840
2026-03-09,6KJqZcs9XDgVck7Lg9QOTC,402315099,98606
2026-03-09,4cOWq0cVsKjxaQpRMbDoH1,17840114,5444
2026-03-09,16MVSD0mGI4RMQT83Qzm69,156182769,36874
2026-03-09,1cJkUN5LAotktryx2nPCr7,8166881,794
2026-03-09,1wtOxkiel43cVs0Yux5Q4h,517746881,98778
2026-03-09,4zmKGsrXjLmljb5fTaBTot,288966595,126236
2026-03-09,0cqRj7pUJDkTCEsJkx8snD,1835768376,703654
2026-03-09,1J1ldDi3rMQlRi49gaba0a,390921276,299809
2026-03-09,3pv7Q5v2dpdefwdWIvE7yH,223771966,90016
2026-03-09,5PxFv9yJEg9dxvbZggykro,244681469,64265
2026-03-09,3Vevii7qKqrmW8CcyzBHDl,414566457,182642
2026-03-09,4AYtqFyFbX0Xkc2wtcygTr,177861368,37167
2026-03-09,5oJUjUsBZcqyEhOdpif37h,321811,158
2026-03-09,1aBJNc2thaKyh5THWzIqHX,10227219,1474
2026-03-09,46NGAvL695VnbcSeTmQWmM,208381430,37927
2026-03-09,7dXKdjpOaH2iwfFKmUj7aq,161250274,24546
2026-03-09,3MytWN8L7shNYzGl4tAKRp,185074231,62657
2026-03-09,5xXqyjLicvEpch72qEryFT,144866322,42830
2026-03-09,0vqI4ZIMuifeKeItGiWbPj,47813883,7544
2026-03-09,3QFB14MOUf3imlyISNmrbT,6950245,1170
2026-03-09,7A2cNLRT0YJc1yjxHlKihs,93685763,26574
2026-03-09,786NsUYn4GGUf8AOt0SQhP,67853430,11778
2026-03-09,1qLeEu4iXEclkLwoBlMiou,62766697,8108
2026-03-09,6lzc0Al0zfZOIFsFvBS1ki,161011925,41448
2026-03-09,2ZoOmCSgj0ypVAmGd1ve4y,46394408,12248
2026-03-09,5G9AVKld9q7DCrmoY42raf,25714603,3009
2026-03-09,5jAIouBES8LWMiriuNq170,71686566,21380
2026-03-09,7eQj6r5PIdYKEIZjucBMcq,112969913,24683
2026-03-09,0ug5NqcwcFR2xrfTkc7k8e,1690467375,1249494
2026-03-09,1hjRhYpWyqDpPahmSlUTlc,414758481,243372
2026-03-09,6M9ppdfFjR1AbpUl3Y8DcV,157884349,49038
2026-03-09,2R7C9dDqv1UPycvepBFziA,28188558,3954
2026-03-09,4evLyY5Ue1Wesc61t2KXAU,57303306,18661
2026-03-09,0RFCHlNuTeUHIB36VuVbOL,25485910,8891
2026-03-09,4pJi1rVt9GNegU9kywjg4z,46320179,15589
2026-03-09,2L09RYwH5Pjzca6PmbUAw3,365141487,103789
2026-03-09,14Bljc3pOOG0xQX3wqhLN9,15736608,3003
2026-03-09,51A8eKvvZz9uydvIZ7xRSV,48100172,12448
2026-03-09,0XfTh16YcKPzdxMPTeKTAq,15736608,3003
2026-03-09,7zMcNqs55Mxer82bvZFkpg,262196868,51821
2026-03-09,4XrP7vKBjKLEYlRZdb0Ygr,35322455,6334
2026-03-09,6vLpy7UPYuOa75Bkqocrcw,35322455,6334
2026-03-09,7ogK4lJDVDMU6A6vYR5rvD,133781873,57618
2026-03-09,0k0vFacOHNuArLWMiH60p7,74332483,17504
2026-03-09,7eResoqEJJAVTkQYSqvO3P,100107627,22391
2026-03-09,0Jlcvv8IykzHaSmj49uNW8,763696329,252606
2026-03-09,6INztpNwOTlfSKTuPo0HOP,99787997,47475
2026-03-09,0P9wLFurlgumLXuqFEpw52,763696329,252606
2026-03-09,1tuNqJOtRQVHvONR8Lg3MZ,272892069,156641
2026-03-09,2fgiBCtbWo8pijF6M7pN1i,15162003,5164
2026-03-09,3pHkh7d0lzM2AldUtz2x37,545569070,200052
2026-03-09,4EF6IyONolQy0bIQXm2EmX,142567018,65905
2026-03-09,62E2nR0od0M5HYxuYLaDz7,208832378,108233
2026-03-09,5YbZZ2gYfvW1UvHHF4pVaD,45653729,9066
2026-03-09,5cKBWgDjB5IXZ5jnryewOH,1136471557,4077503
2026-03-09,6ON9UuIq49xXY9GPmHIYRp,70645171,21778
2026-03-09,2913xXOVAIDAqxzV2g4VcU,158960300,99167
2026-03-09,53iuhJlwXhSER5J2IYYv1W,1136471557,4077503
2026-03-09,3Z2nTctPsTsgqqJm5fCSvG,15442695,36314
2026-03-09,6PlBKImSl4AZoxBU7F649D,20708920,105442
2026-03-09,3JNaLxAymiSUMrmjOarjeo,13254281,70958
2026-03-09,2VuqMjgoKaOHNM8HpxtXKx,373738529,113891
2026-03-09,3wx2iW1rJGgdNln2I64HNh,226114971,40022
2026-03-09,5k9RjjuYyOMCLL81U8FaHT,1627237,1777
2026-03-09,0eFQWVz0qIxDOvhLpZ40P7,208802914,58239
2026-03-09,0UAdDYrkCvVQftaKpL6q5f,56203158,10654
2026-03-09,6mqyTq948oap5AkyTsd6XF,20947829,6743
2026-03-09,4ojxSyrEraN7d46BMBPThZ,454406016,99355
2026-03-09,2Eeur20xVqfUoM3Q7EFPFt,454406016,99355
2026-03-09,7vvIpJZye5cRR6De1LKM0m,72788198,9883
2026-03-09,4e5ayHsOLJNLTGfjau2mEw,100126099,23526
2026-03-09,5eXgqtg3T8Av0m1FUaGHex,245724465,447140
2026-03-09,42TAweWJJ9YlQ47T5nesu5,897908,1221
2026-03-09,7FKbTRXXIWVFQmPH8zGfU0,23869508,3653
2026-03-09,0y6kdSRCVQhSsHSpWvTUm7,162568384,59175
2026-03-09,2wtHlpYSgC7xEdD3DrSHNL,47968008,6757
2026-03-09,2DF2sUvgHFKJ5TQGjm6n3T,5065808,11719
2026-03-09,3RauEVgRgj1IuWdJ9fDs70,996170093,291268
2026-03-09,0NRHj8hDwwmSPaA41o379r,94918493,24605
2026-03-09,1DTRUYVd8rYpla9hhVVwjo,105490620,61199
2026-03-09,1yDJcXc549N6AabNBzFAku,17865987,4818
2026-03-09,18WFFUIsewmA8g31KAeo3e,261621617,179580
2026-03-09,1cSFlSBdpT4F5vb1frQ231,96635038,28433
2026-03-09,2QA3IixpRcKyOdG7XDzRgv,41275367,11433
2026-03-09,0xvsgzM8AtBtRHZm5rav8A,17865987,4818
2026-03-09,6dTA6y0C2ReQklntzZl8l3,145513954,55300
2026-03-09,72GIZuUXo14oyrS0si3Rgc,8092509,1266
2026-03-09,3lXekiVK1ZPZbKconsys73,52465285,10052
2026-03-09,4GBbcyrbDzwRtQjrsDRywK,332271325,171079
2026-03-09,22bPsP2jCgbLUvh82U0Z3M,576838258,236287
2026-03-09,6pYNq0ZwpPVazKzsqpf0G8,226826767,57770
2026-03-09,77VotUUL79U10TAnYdqwvr,83025511,23934
2026-03-09,7kt9e9LFSpN1zQtYEl19o1,566696651,229334
2026-03-09,1gaLZjPrDnHQWJds2Jg4KT,28637068,12800
2026-03-09,3NMrVbIVWT3fPXBj0rNDKG,325396706,143827
2026-03-09,0MtU9ETYyVX8YPBDCYPdMb,340949,146
2026-03-09,07NxDD1iKCHbAldceD7QLP,280928441,59070
2026-03-09,4WBEj8TeGtRPNJdOmT3WJW,365540322,142518
2026-03-09,1kTPQnabROVkW9bUXdCGrB,120222360,19367
2026-03-09,0Om9WAB5RS09L80DyOfTNa,164895079,33403
2026-03-09,6K0CJLVXqbGMeJSmJ4ENKK,44801435,12116
2026-03-09,0PurA4JVJ8YQgSVopY8fn6,430955893,126013
2026-03-09,4pFvEWbjBpPUdYRQly0THs,35258136,6314
2026-03-09,5kYFVSQoPu7yRpfiHBwMUk,60388260,8749
2026-03-09,1HCdems7PQZRj42QDWLA0A,127605695,46847
2026-03-09,2JoJrsEV15OzbijS47lids,72230264,21114
2026-03-09,7BT9K9BDqq6HI2oWH5UMZQ,17952144,2238
2026-03-09,3S7HNKPakdwNEBFIVTL6dZ,144315704,36631
2026-03-09,2IZ00ed83ygPIiacYScWUE,26156175,5421
2026-03-09,1MaqkdFNIKPdpQGDzme5ss,172465743,51996
2026-03-09,0hhzNPE68LWLfgZwdpxVdR,281832472,179785
2026-03-09,6ovFJkdau79DuXEvQjPaNH,26156175,5421
2026-03-09,0tQ9vBYpldCuikPsbgOVKA,84545840,40341
2026-03-09,1xwAWUI6Dj0WGC3KiUPN0O,508491899,100385
2026-03-09,7AEAGTc8cReDqcbPoY9gwo,793584808,169663
2026-03-09,5YqltLsjdqFtvqE7Nrysvs,474474341,127322
2026-03-09,1hR8BSuEqPCCZfv93zzzz9,183579965,67482
2026-03-09,3nRmDz7qGCvsMS30rGGY0x,294543288,95438
2026-03-09,34V9RiEPe8MNdU32qJsJa1,75198836,15164
2026-03-09,7GZ3KDorsc1yWndEtzGTjf,8576740,617
2026-03-09,4jPtq9shRdUv8Zjr0a5xkD,125042683,24359
2026-03-09,0zo975x58DlXbZllWvfYhg,109864408,28697
2026-03-09,1yFjBRQVhRdcdnrTE5LuyD,125042683,24359
2026-03-09,5YL553x8sHderRBDlm3NM3,151895041,79384
2026-03-09,2TEQvxxQabwLQMqWMg1qGu,248044131,447330
2026-03-09,4A4A6dwl5DqdqrZaEtKGPR,1158856952,459291
2026-03-09,1qwClaxDb5fCrLjXaAmB35,13075693,43854
2026-03-09,1K39ty6o1sHwwlZwO6a7wK,1006557510,308199
2026-03-09,6kl8thRysTeVV3WvKxgZAy,425047222,196701
2026-03-09,5VDHMi7own9vDZjiwDES1e,16751261,14404
2026-03-09,77p4fRpoeiZMtUy3P9kN21,15744358,2232
2026-03-09,0lx2cLdOt3piJbcaXIV74f,1071922625,245491
2026-03-09,0U0etHtpARihOUUY8Akc7y,19698953,5417
2026-03-09,5F7hpFKLmWgMHGxQuwssuv,10638913,2280
2026-03-09,5XkJj6sV2XLMaURdmdXgNx,10638913,2280
2026-03-09,77d7q9TNbsIDmRTDPkPv3L,19698953,5417
2026-03-09,6iWMI5oOhWrDbLbjmwTWFq,165431356,25016
2026-03-09,2NnrAdjE9cPdMklonMBuAv,43183095,4890
2026-03-09,6HRsJu8vcnzYDN4t0570FY,121050894,55617
2026-03-09,5ylJtmaWPJ33cW3En7WOu0,220975030,332184
2026-03-09,4txojlesMFQZGWxwz2EeqB,359265895,96279
2026-03-09,5pcjystBtalYeqaiXCcgEY,132340967,21307
2026-03-09,4CHpVfAhuxNJ3ibExe6kxO,132340967,21307
2026-03-09,7G6TDmGJXDoBaV6NGj3Yic,809204509,375080
2026-03-09,3as6Wz3mwbTnusWhZjTUNr,809204509,375080
2026-03-09,0TyGh27YQ5LknmiDhCzJiT,158585714,96693
2026-03-09,4A2LfnduSTsE8u0ecYROxE,159165095,23863
2026-03-09,1qrpoAMXodY6895hGKoUpA,1063377076,459330
2026-03-09,6RRNNciQGZEXnqk8SQ9yv5,1123296229,180253
2026-03-09,7Bjf96uNizpvXLvNyOJpst,18393533,2977
2026-03-09,36a08nLG1xazGaaVKK0vv7,9866454,2970
2026-03-09,3CWq0pAKKTWb0K4yiglDc4,378491521,180712
2026-03-09,4N419mmxYybTfAECy5j4dw,51124602,7520
2026-03-09,6iiAfo4wTA2CVC3Uwx9uh8,97680026,25700
2026-03-09,6HWYtS215rxaaMjvpyG18W,51124602,7520
2026-03-09,4VbErhGDMTnvPAnt5z70DL,2514250,531
2026-03-09,4D7BCuvgdJlYvlX5WlN54t,846838843,320989
2026-03-10,0CD7DzeCsuPJygddqlUVYa,439559690,197807
2026-03-10,2yLa0QULdQr0qAIvVwN6B5,1004177570,324058
2026-03-10,1Ygm9KdH3wbzDekO8JgxcW,29754552,6576
2026-03-10,6sQckd3Z8NPxVVKUnavY1F,338651249,65461
2026-03-10,4twNUyTpLMPWokYmCdFDCH,919177,395
2026-03-10,2ULNeSomDxVNmdDy8VxEBU,459807288,71692
2026-03-10,3yII7UwgLF6K5zW3xad3MP,405845890,104374
2026-03-10,1spLfUJxtyVyiKKTegQ2r4,34604496,10362
2026-03-10,73OX8GdpOeGzKC6OvGSbsv,56404181,17500
2026-03-10,2x3mwb96B6TquRqMtbxUE1,217940814,341825
2026-03-10,1SymEzIT3H8UZfibCs3TYi,502967596,135719
2026-03-10,4P9Q0GojKVXpRTJCaL3kyy,475147787,107791
2026-03-10,1u4HUiREUR6vX1W1RYG2Tm,16926840,5066
2026-03-10,4XMP3zVxrnr58T0tjIHvpR,270795477,30471
2026-03-10,5enxwA8aAbwZbf5qCHORXi,1174525174,512130
2026-03-10,1n3b9Eekoy3S9ZSZ5DmTW1,72736205,36343
2026-03-10,6aLOekfwbytwWvQftxTEF0,244948687,42558
2026-03-10,3nsfB1vus2qaloUdcBZvDu,376591248,203271
2026-03-10,6GXgd1BPD9bUpqw5AntGV5,157429737,76753
2026-03-10,0V3wPSX9ygBnCm8psDIegu,1979584055,443172
2026-03-10,2wMKBH2p5kIDFkRWjS9IOW,1979584055,443172
2026-03-10,0j0gJqxitjhmmkrW56dtQH,26839369,8000
2026-03-10,16M9Rxid0nXhVmme7lzVwN,26839369,8000
2026-03-10,2d3d9xZutJjmUpntiyHt3F,37937379,9415
2026-03-10,6C0H8ts9M6deezz0yYR6LK,20787032,6702
2026-03-10,4YrpqEBNuz7IMsZtUP6bNQ,9527196,1688
2026-03-10,2oWpe2L8ypC080BxpDVuTY,40459428,18969
2026-03-10,4XiypEn8iKbeP1TbTqdfk5,4657097,2085
2026-03-10,1UHoF9p75IVsvUt6WdTYhn,1743977147,725942
2026-03-10,3hUxzQpSfdDqwM3ZTFQY0K,1743977147,725942
2026-03-10,4MGexoZc12lqE0hYkq9YYx,28356045,8554
2026-03-10,40PXEOFLJc7UIpLMrhSfW1,122504438,18249
2026-03-10,0v4z1tuZvn6LGknom9Qx7d,165912953,52965
2026-03-10,5l6GqSxplqnZbLg0LTPQeG,495748277,160678
2026-03-10,79uDOz0zuuWS7HWxzMmTa2,296720240,104362
2026-03-10,6IH2Z54gYPLqgJtxZjX80i,81417909,6892
2026-03-10,1IsquhJFJ0qcFZI7FeAEuN,14667543,3004
2026-03-10,2NlmmAjGYrrjAp0MED5rGx,734339768,200563
2026-03-10,6xsEAm6w9oMQYYg3jkEkMT,225120946,57746
2026-03-10,6qAcApH8obo8eqatCKUHd9,135796837,37763
2026-03-10,64FzgoLZ3oXu2SriZblHic,151224324,63083
2026-03-10,2evEoQAhIMaa9PfjTT5skG,20328714,3496
2026-03-10,48A0aShHlovDfTMucMrE66,144132158,22579
2026-03-10,05GsNucq8Bngd9fnd4fRa0,161939922,85411
2026-03-10,3qoftcUZaUOncvIYjFSPdE,705837712,166445
2026-03-10,4OmFmE0fzcMG6g0Y8p4eSD,200016730,110269
2026-03-10,1By2VQkUN0Frd8mKNV5NYC,245029801,101270
2026-03-10,0NwGC0v03ysCYINtg6ns58,180178322,46700
2026-03-10,6505MLhnqTDDg4tjoUz2Wp,7758407,1534
2026-03-10,5kI4eCXXzyuIUXjQra0Cxi,450726158,94430
2026-03-10,4GS68CE8nKLIKjjapiSm2I,11309254,2150
2026-03-10,1mh5dObNoOvCfHmXnhvDEK,16663031,4949
2026-03-10,71CBDRKmF2VeRKYMG1DFBh,248666337,76730
2026-03-10,7wo2UNeQBowm28hfAJsEMz,19739455,10702
2026-03-10,1u8c2t2Cy7UBoG4ArRcF5g,2375675117,984512
2026-03-10,45wMBGri1PORPjM9PwFfrS,360443667,144324
2026-03-10,0yisH8r0f3Mkq34kjzUlCV,5194563,518
2026-03-10,3r9bgSJlJz2zlevcBRYXko,86466002,17671
2026-03-10,0qsSmObOgBZfuMIwfAQDBP,74862183,10144
2026-03-10,6S9G7J3EB1ZY0rrZPwsBg5,74862183,10144
2026-03-10,7HC7R2D8WjXVcUHJyEGjRs,87095589,24212
2026-03-10,5og4Qzt92jJzVDkOtSEilb,368213504,166201
2026-03-10,74sZKiwaGtSEEyjhDmi99y,368213504,166201
2026-03-10,4qUijfYU8EoIWiY6oSyrgT,70521021,13787
2026-03-10,1GwMQaZz6Au3QLDbjbMdme,572608022,261711
2026-03-10,1VPHQriwOsy5aGHLwwZyho,538671,415
2026-03-10,1appZ3c336FkPvCuywfmrs,211423996,320818
2026-03-10,4R2kfaDFhslZEMJqAFNpdd,1930313932,861184
2026-03-10,7zcnlq38eqNWyUF6eNaB5Z,1930313932,861184
2026-03-10,2hmafYGj1CXYKIYcMnX4lj,47048902,8225
2026-03-10,12xIjI9A9UlB6zEc7kyZ06,11812953,2493
2026-03-10,4axSuOg3BqsowKjRpj59RU,93542235,24835
2026-03-10,0g4fMVo4JjwnIpTfFfLdxS,121777323,55807
2026-03-10,4ABYxlb92WBIjHu7TIKmml,115914678,32092
2026-03-10,0sY6ZUTh4yoctD8VIXz339,816872323,208732
2026-03-10,0RdcBnAXyH2YZZvcBVu2k6,30498606,5486
2026-03-10,3ExweHKZF9B752DPQByRVT,58379990,14863
2026-03-10,1rmEsOezwf2lmIZTMAO5Ag,161667183,105016
2026-03-10,31JVjy3XWnh6C2zf4kLCXN,9745842,864
2026-03-10,4mKye6Z1kXuKolzMkJoKFA,287882361,6796
2026-03-10,50ho0AOvkm8E5l8zf7OfJI,15216755,684
2026-03-10,1alAo6dYalSx8yZUn17JxF,2920881,266
2026-03-10,1g09DZjQ7yBommCT6POY2n,11506157,1166
2026-03-10,4d9PtIEVij9jW5OaLinH66,172994435,76861
2026-03-10,4bXCcoesMt8u99xMsbLr9U,215222047,32868
2026-03-10,0lKUBmEyQfzsQHozyeXzES,174982059,86581
2026-03-10,35rdVq36LMHQX0Suw9a6tK,156187390,33804
2026-03-10,7an1exwMnfYRcdVQm0yDev,57670374,15321
2026-03-10,4qyalTRMRH5YuEntvvMvq0,46778416,8751
2026-03-10,4pNApnaUWAL2J4KO2eqokq,157414531,59994
2026-03-10,0cEG04R5cldkTLzK6phlcn,19108902,3637
2026-03-10,4pl5zcqCv4vc3cB7M4MZ6f,19108902,3637
2026-03-10,1n2wszmJyVkw6FHqyLnQsY,53434385,13683
2026-03-10,3k7ne7VmH43ZPWxPdvPUgR,231114297,54555
2026-03-10,12M5uqx0ZuwkpLp5rJim1a,444982484,164208
2026-03-10,3fGnrtrtL1IHSX9t4DKOYf,83029143,23125
2026-03-10,1XjHRolIXL2M1EEOUsGGR4,255315984,81949
2026-03-10,5vyxXfD5gLlyPxGZMEjtmd,143638295,52554
2026-03-10,1BxfuPKGuaTgP7aM0Bbdwr,3275238032,1214843
2026-03-10,1kHVme7OVyPqhtdiLj2SI4,3275238032,1214843
2026-03-10,37jfioVu3Bd2Du9bteXNDU,44165347,24912
2026-03-10,0ISHfeb30gj4CSWUZYuesj,1215475,1239
2026-03-10,7I7JbDv63ZJJsSi24DyJrz,337452244,87050
2026-03-10,3ZfvKQxJp4zZshiJsRPoD1,392781,188
2026-03-10,1fzAuUVbzlhZ1lJAx9PtY6,688892731,460124
2026-03-10,7ryS0xBZNYjQqql34GCkDp,35265063,14160
2026-03-10,3K2es3gElMRJ3qvmPW442g,155187200,22273
2026-03-10,1zU8j1x3yi9xalMF96pzKp,148887904,41900
2026-03-10,10GRRCR5fctuOF4GFmATJI,175419530,57494
2026-03-10,2dgFqt3w9xIQRjhPtwNk3D,368506529,101860
2026-03-10,3oF7Or7T35yhQbGxbCGvRX,45348606,9331
2026-03-10,6NFyWDv5CjfwuzoCkw47Xf,1300659775,447294
2026-03-10,5Iadj8IBPrt634WW0yGPRI,637461,278
2026-03-10,1Fj0T1XKuhRu7EZzJ7NJIK,52148135,17603
2026-03-10,6SYwJcqaltK2WFRmD1unUV,8664663,2135
2026-03-10,2Sy2oGjP5RYB4cLVoDU0Gz,52256920,12057
2026-03-10,1R0a2iXumgCiFb7HEZ7gUE,1570180894,537508
2026-03-10,5JtXBqKLdfzwedmlUjjqAm,847943,281
2026-03-10,4uuEGH5SVuzkkSFjo2DEiY,92509191,23325
2026-03-10,670fUmXf4KQekzbEgaXyPA,229427602,84852
2026-03-10,212gSq8QwTqxjHJSEcMoEZ,515329354,254516
2026-03-10,2k0w1FGqvzVPgQ9VdTaJpe,373568,230
2026-03-10,2F3N9tdombb64aW6VtZOdo,515329354,254516
2026-03-10,62HoDY1Km6lm47haFpUn9c,195621775,282202
2026-03-10,6oVxXO5oQ4pTpO8RSnkzvv,554947318,465736
2026-03-10,4e3ZNTAV6PCrdYMUrUlMpQ,121547139,36709
2026-03-10,2JHzTARFUispsjZHKhrxxO,4344677,12551
2026-03-10,1jgTiNob5cVyXeJ3WgX5bL,309324732,557468
2026-03-10,4UBWugj5D20ZveyzdGpqvD,8149242,20748
2026-03-10,3r9fAceWmaDFvbNiTnFiLr,1444047,1623
2026-03-10,04S1pkp1VaIqjg8zZqknR5,1003952615,296812
2026-03-10,3sW3oSbzsfecv9XoUdGs7h,505039618,286501
2026-03-10,2x0WlnmfG39ZuDmstl9xfX,618643899,138206
2026-03-10,4cag67C3v9ToeFivUwDUsE,439972,198
2026-03-10,08fa9LFcFBTcilB3iq2e2A,233091128,56518
2026-03-10,4yyKppX85ZkmlGOC2toBZA,13380900,4781
2026-03-10,3O5osWf1rSoKMwe6E9ZaXP,298034303,101147
2026-03-10,7gdwoOmi258QJq0hmQ4hto,312092023,41448
2026-03-10,7qEUFOVcxRI19tbT68JcYK,228794498,128934
2026-03-10,4pvb0WLRcMtbPGmtejJJ6y,1064556155,467250
2026-03-10,6kz2hkq1xQvDqPcUyBkw8f,1064556155,467250
2026-03-10,2NIBaWXdjaTDmytjjwbEfP,50583994,10480
2026-03-10,5hQSXkFgbxjZo9uCwd11so,366763364,190457
2026-03-10,03bTIHJElXZ0O0jqOQvAbY,282157359,491625
2026-03-10,2NGGvVcfb2m2NbVaXHC3gb,1279342,1496
2026-03-10,3F6czr26ZwGU5O5CHY04Ma,147415419,50338
2026-03-10,6zV8AVM9eVfdG7Qahwd64R,147415419,50338
2026-03-10,77sMIMlNaSURUAXq5coCxE,454210765,156495
2026-03-10,3M0w3fhdXByHLCNAoi5c9G,131026658,20774
2026-03-10,4yf9OivCH2lmQWN8mzpCC6,131026658,20774
2026-03-10,2nqio0SfWg6gh2eCtfuMa5,132152783,30837
2026-03-10,3ZVFcD8Wlw9T9klGqmJf9F,323031184,173045
2026-03-10,4s8BIKx4Zh6ryAEz8RTlaU,135194990,46601
2026-03-10,1zxrcAk6eiytfavqriMcKT,60243964,11841
2026-03-10,01QdEx6kFr78ZejhQtWR5m,68594418,18863
2026-03-10,1msEuwSBneBKpVCZQcFTsU,146923864,37418
2026-03-10,13MAWVUSkbGMUi6I7RowRK,29825015,3868
2026-03-10,46HGgtwmmuEB8mvDCyjyAc,29825015,3868
2026-03-10,3oGVx9RBmiYGv5ZCecWLkx,121824817,27782
2026-03-10,2OzhQlSqBEmt7hmkYxfT6m,1133704248,637980
2026-03-10,2BUTSRKPGRsyc9FnsC5Udd,20253216,14633
2026-03-10,1gejz5ROvJBUb6WJzkMAcc,40024487,26206
2026-03-10,7pM01Cfj8vt7z3qI2TveNT,2106167,678
2026-03-10,3fO566xJgwxIa3qGCGBvIC,248371593,150966
2026-03-10,2bzUVEvpZ7At5cYz1kOLI9,86956771,27991
2026-03-10,0VE4kBnHJUgtMf0dy6DRmW,900883951,312532
2026-03-10,7bdyzcQ0onk60hfsxDCd2X,521860,212
2026-03-10,6cf6rLb8qcklvJv90W6HCW,25362279,4120
2026-03-10,0DMVrlMUn01M0IcpDbwgu7,77533508,20481
2026-03-10,7C0w28EsX0Um2FrZs9gso2,157258780,37800
2026-03-10,5BK0uqwY9DNfZ630STAEaq,356957584,75484
2026-03-10,1ZY1PqizIl78geGM4xWlEA,735086483,144260
2026-03-10,3ZHTwJzCNDFvjLpVQiqpH6,402432,167
2026-03-10,0W0iAC1VGlB82PI6elxFYf,551268049,450677
2026-03-10,73YUReisjb3A9ActdLLjJQ,242569079,69776
2026-03-10,11UaQaEp2LvdspTyyuE3ur,118104270,22534
2026-03-10,4tMzIAFTFdqGBQLdfbPces,125375256,49723
2026-03-10,62rlxI6g2PNaWsHoiRryto,27976648,5054
2026-03-10,4fWDgRZa0GKE5KZNhE9MQa,55427285,9962
2026-03-10,6wcFdMmiDscAhZJrcVFumx,55427285,9962
2026-03-10,550erGcdD9n6PnwxrvYqZT,118571530,31224
2026-03-10,1SztNGCwEHJEVFx90E5g7D,199049431,50537
2026-03-10,60hGQrn24APqEFSLObLeDc,284626335,67872
2026-03-10,3xYJScVfxByb61dYHTwiby,281959033,113676
2026-03-10,6MWoRt97mnSTXZhu3ggi9C,242292950,60301
2026-03-10,0QTBsdoJhamY3Aid3fOsOd,16286957,5174
2026-03-10,5d2Kn9oAAh9S2EbyCo1i52,60027726,10390
2026-03-10,7J4b3LVCIGO4CMBDFLPoP6,117125775,32419
2026-03-10,4qmFC3Jz5aQ0erlk2OSi2X,175815761,292201
2026-03-10,5Bedn0svl0ZD7RGmJkmKKw,213169001,114488
2026-03-10,6wfugRLamFsTRbPcCpNnP7,192883807,34071
2026-03-10,733OhaXQIHY7BKtY3vnSkn,120994927,52007
2026-03-10,5VwFkx7JOimOGTYfha5rs1,67158505,8236
2026-03-10,2r9CbjYgFhtAmcFv1cSquB,124916102,44337
2026-03-10,4CkgMiMqZ5JzW9iYXSTMTL,282575488,88975
2026-03-10,4dgf2DYVJbtmy8zAYLs4c7,800902225,378796
2026-03-10,0hFF0aqyjDwDh6SQwRbTyx,7749812,4629
2026-03-10,2PGIFYRG1XWsPqNG14hgD1,5056201,1793
2026-03-10,5chnRTB9qMK3W1M41SnU9s,183310092,80762
2026-03-10,5kHMfzgLZP95O9NBy0ku4v,339020107,83773
2026-03-10,4svZDCRz4cJoneBpjpx8DJ,573394817,154647
2026-03-10,2hecdut2HWM5JMHqLTWThq,518891,219
2026-03-10,2y5aJvzXhHPA94U5GFAcXe,2093084829,661139
2026-03-10,43rA71bccXFGD4C8GOpIlN,411857860,88342
2026-03-10,3hlGuz3loYoLfI3bpwieWq,171412672,99586
2026-03-10,6AtZLIzUINvExIUy4QhdjP,496242970,102436
2026-03-10,72jCZdH0Lhg93z6Z4hBjgj,1090025362,405192
2026-03-10,2zfgVd034GlUvk7LqBHl6u,146056147,18690
2026-03-10,1ULabO0PEsdJekqVH6G10G,117804999,46588
2026-03-10,4JQm7ebhsrt10wmrP6AfXL,6381507,585
2026-03-10,1Zai5UJ2di3qEuR2HeT2s8,129389277,65005
2026-03-10,2YWtcWi3a83pdEg3Gif4Pd,343995103,74597
2026-03-10,5gRYrtvyVyaCRvLt56OfuV,167485242,26286
2026-03-10,43y1WpBdnEy5TR9aZoSQL9,136408821,56016
2026-03-10,4TtyvyI42C0KFnbDZvNC8Y,4898152,524
2026-03-10,0JIdBrXGSJXS72zjF9ss9u,67143913,8905
2026-03-10,0vvt4IZOMkRug195S4MUq0,49030954,8476
2026-03-10,0kAZ3H6G9Zac4PMpmobMkj,95032792,34672
2026-03-10,2NmsngXHeC1GQ9wWrzhOMf,606317545,205701
2026-03-10,560uQyz3p5G9WdnMX39xc6,21090157,7386
2026-03-10,1kcwpPDQnqEqmezzXdJTCP,247885174,160351
2026-03-10,3kfgJql90tzgoxByioAMXR,57075222,7734
2026-03-10,12nBPF4Rh4XLFJV0YLN7uj,67014983,22460
2026-03-10,5OOd01o2YS1QFwdpVLds3r,45747121,11874
2026-03-10,6VsvKPJ4xjVNKpI8VVZ3SV,516868252,191720
2026-03-10,5KByGq0JijSSDcy0qzuINs,17176152,5742
2026-03-10,6IG3sQ8s9nfk6TUlVzRhbN,577342720,148270
2026-03-10,1SmiQ65iSAbPto6gPFlBYm,161507631,29586
2026-03-10,1kdWw77ZpYOkhxeuhzU1j6,148575474,43081
2026-03-10,19CSr8rwW05VJL2F91KFNK,284346734,69115
2026-03-10,08gavXombT6KR0af88i9tA,28699726,5239
2026-03-10,6WWvcA62QlnRguluWAk6bv,28699726,5239
2026-03-10,2m3ObD945KvpE5y9A1eUWm,76048267,23470
2026-03-10,45R112Jz5hQeKgITXgSXzs,1005664346,241224
2026-03-10,4i6cwNY6oIUU2XZxPIw82Y,113788855,23701
2026-03-10,7HuBDWi18s4aJM8UFnNheH,366403946,113749
2026-03-10,5EsfyTD26nlVQ0DtYo16uJ,365777,166
2026-03-10,4bBDkw2KBMX0tcgAaXC83Q,392960078,179910
2026-03-10,2IprIjGNRlj3TfqUWCAo0C,43877481,3186
2026-03-10,1D27z8xNzjW0Mwwt1NCWhJ,139260869,29530
2026-03-10,59KOoHFcw5XfICnO57holu,135467100,75058
2026-03-10,6hH37tyeRdyan1mAppmVor,7046419,1541
2026-03-10,5NlYplrGsjUDFZ6x3HeVyT,880588153,166921
2026-03-10,5jQI2r1RdgtuT8S3iG8zFC,880588153,166921
2026-03-10,2M4tVhRXucLE9M3STv21Yi,29113128,6228
2026-03-10,0ThxqUZ9PwS6n0UT5i1XH6,3067967,897
2026-03-10,6F67FNdOBNMFzxdj1CQ5pL,18703448,8810
2026-03-10,7kjSmkSo15pHlkb0mOQtfj,4557182,1856
2026-03-10,3YkNIrAvbKNrrwwEd7NVLl,355113800,296029
2026-03-10,6XDBA3QWX51lDJ0oZbaJJN,116390730,25517
2026-03-10,1LLXZFeAHK9R4xUramtUKw,429985912,115714
2026-03-10,4hqJ4bSlYJOXb6Z4SRmzxs,217737256,97133
2026-03-10,2o2sgVJIgFXk8GQjWTgI6U,257736679,61076
2026-03-10,1P17dC1amhFzptugyAO7Il,1416743704,287644
2026-03-10,1zz0XSmHCFd57ne04UAp38,766674,243
2026-03-10,0kN3oXYWWAk1uC0y2WoyOE,1102556607,342911
2026-03-10,5xPsybHWRHbTYO44xnREY5,1102556607,342911
2026-03-10,6YvqWjhGD8mB5QXcbcUKtx,1156297937,480086
2026-03-10,5RaBeejGtdPEszYEKYECs2,40238468,8405
2026-03-10,3RNDw7yywLNyawDKV99hTx,11402851,2272
2026-03-10,1dGr1c8CrMLDpV6mPbImSI,1996111044,737252
2026-03-10,3i9UVldZOE0aD0JnyfAZZ0,330099150,44400
2026-03-10,2msvOEbkK50foYf9BMXr2X,30080666,6712
2026-03-10,4lD3RXyvHpJsM3BhIEC4aA,13817640,4559
2026-03-10,5zOKuItOTZhRCGtPrDYmlj,4318888,883
2026-03-10,2QDyYdZyhlP2fp79KZX8Bi,271240855,61060
2026-03-10,04xrhDrQ2WOW8GLwu7kbc0,14494171,4733
2026-03-10,12ntTeqEeTg7GAVpe8Mhpl,313575268,105918
2026-03-10,3eX0NZfLtGzoLUxPNvRfqm,604642812,201603
2026-03-10,2QrQCMel6v2JiLxqrg4p2O,62669674,17350
2026-03-10,1QQii3pa5m8MEda0nbkjfw,455232009,119922
2026-03-10,2Rk4JlNc2TPmZe2af99d45,973459154,130201
2026-03-10,5fOV54t6mMYv3H9CsnvU81,9640255,2763
2026-03-10,0KztjtD3ytzgYjUKIVfBnW,264767791,54805
2026-03-10,30Y4CV7A6YqtQtTTo7Ue4j,138328434,35062
2026-03-10,7mFiEij8AXPUZB7aKLbUlQ,7874153,1199
2026-03-10,3tGq7hWDCtrnL83y5OGual,24569086,5383
2026-03-10,3z6XUommYDWPHeFhmhhT6j,279636526,134270
2026-03-10,3rWDp9tBPQR9z6U5YyRSK4,843019845,234277
2026-03-10,6LZaxlycSWrJZ4Volb25qx,250963897,43442
2026-03-10,7G0gBu6nLdhFDPRLc0HdDG,273853492,93349
2026-03-10,7yndkPYP6YQQLBpPsizDfh,7904779,1267
2026-03-10,0ZNU020wNYvgW84iljPkPP,570513587,191443
2026-03-10,5jQyGzcwqAxwT5QUIMivoX,570513587,191443
2026-03-10,2yceD2hx5HhOLgkm1CITCi,22930818,8432
2026-03-10,214nt20w5wOxJnY462klLw,552185836,161063
2026-03-10,2CYVETnhM9aytqrazYYwrK,466801409,123062
2026-03-10,2XXwLdtuAcE0HSCu61ijAb,398150950,210479
2026-03-10,0Oju1YcbPCJuUQQWoZNdJK,822238683,400014
2026-03-10,1MgV7FIyNxIG7WzMRJV5HC,822238683,400014
2026-03-10,5mdNyCS7ttVcAyVYOIFEjs,31132615,12935
2026-03-10,3JilapcaOXzjR9gtvCY8FO,98918213,18384
2026-03-10,2EFZ9emtKWEglWUQGEQ3P9,88340611,38991
2026-03-10,6rZVy6FIG7lSJQMFXHo12z,326480301,73820
2026-03-10,5M787RexsAiVYjQusM98CV,217657414,88680
2026-03-10,7F5oktn5YOsR9eR5YsFtqb,270253938,81219
2026-03-10,13tYZVTtzLUJTlM7m1ivbi,379811,153
2026-03-10,3RaT22zZsxVYxxKR7TAaYF,345961151,69085
2026-03-10,01K4zKU104LyJ8gMb7227B,296036129,88315
2026-03-10,5QUIK7ZtziW8kGWo8RqopF,426607239,119988
2026-03-10,2slqvGLwzZZYsT4K4Y1GBC,139587086,17016
2026-03-10,3yWuTOYDztXjZxdE2cIRUa,605348549,2167129
2026-03-10,0E3Vtmgzk067KASoo0HwzV,2216778,120014
2026-03-10,0ttGLmxI0mAkMblE6iRm2S,1605048,42662
2026-03-10,5t1wMjV9ldVDdYs4l7mG2g,1418342,60994
2026-03-10,7y16ygjcEcfo1VYKxmgVZY,9189233,34298
2026-03-10,7vf4GBEJmv0uXojpr5qPMX,1082895,2852
2026-03-10,7EWLNUpx0QWUCYfmBJS9qb,959470,6850
2026-03-10,1VCcPLfDiR1S9PJaSp5qm5,481904,11423
2026-03-10,5SkuikJwvwfEvNyCepGkq3,1341838,1598
2026-03-10,15DeqWWQB4dcEWzJg15VrN,455218217,130754
2026-03-10,1EQn3Uc5AyUXoiPLeyCrrg,78046409,9880
2026-03-10,3yNJkriPzWjkkDAWHIAVUq,81483436,26326
2026-03-10,68QyrSzpnoU04AAhE5z8lj,7378335,1040
2026-03-10,0qUnBLZ8bJqUNEeQgayL9t,363597317,86895
2026-03-10,045ZeOHPIzhxxsm8bq5kyE,251929832,232603
2026-03-10,4y5bvROuBDPr5fuwXbIBZR,825587785,219583
2026-03-10,5tWxKWq1DSP1s9WQ5PWuqu,239284252,64075
2026-03-10,7MbT4I8qGntX4fMdqMQgke,268205494,66936
2026-03-10,4YHHz3VIXgNDGdoL9xC1tx,14680434,4766
2026-03-10,3zMDGj4D8ogaYgAIZPeU7S,167696867,114021
2026-03-10,32mVHdy0bi1XKgr0ajsBlG,251962906,42438
2026-03-10,0heeNYlwOGuUSe7TgUD27B,360375227,74642
2026-03-10,0cITLOYn1Sv4q27zZPqlNK,293033438,48823
2026-03-10,4OAuvHryIVv4kMDNSLuPt6,434701897,207322
2026-03-10,4mqgn90sCeVSYqcoftTQTd,19130147,2364
2026-03-10,73W5aXorr5vxrySFcoZqIN,186492506,102850
2026-03-10,3zwMVvkBe2qIKDObWgXw4N,492078555,245076
2026-03-10,2CnjDMdpRjlWv04Xk3s6MW,92994342,49740
2026-03-10,0Nw8hv79MLJa1yjtsEgz08,7611384,1191
2026-03-10,7nWui6jiMM2m9qFmET1Mtj,57807929,15130
2026-03-10,62V2ZHslgQV98gH4AuVXnr,201583897,350193
2026-03-10,6hKfPNnVlA2cgTgKj6Vgcw,7076760,20593
2026-03-10,4IQkfUsrwXol38VV3U7t7T,166655856,25914
2026-03-10,5QKhg4r4Ibt0LVTmWEXTEg,43704292,6583
2026-03-10,73qMN9bXy7MSPwwGfH3wQr,134764294,42786
2026-03-10,2RJnNdu4pb3MypbBroHU0T,82169236,25190
2026-03-10,0z9UVN8VBHJ9HdfYsOuuNf,255867163,21977
2026-03-10,71IScwIe7bcIlpnlkbKVQw,16765089,836
2026-03-10,3CCRVu4F91Qp2mnGjmWBrf,280724676,109464
2026-03-10,5eGX87IiKsGuzS3iw4CfCX,81362301,10592
2026-03-10,2vJ7QvyCiR4DaHxwO58izA,402413955,98856
2026-03-10,6KJqZcs9XDgVck7Lg9QOTC,402413955,98856
2026-03-10,4cOWq0cVsKjxaQpRMbDoH1,17845533,5419
2026-03-10,0cqRj7pUJDkTCEsJkx8snD,1836484800,716424
2026-03-10,3pv7Q5v2dpdefwdWIvE7yH,223863950,91984
2026-03-10,16MVSD0mGI4RMQT83Qzm69,156220404,37635
2026-03-10,1cJkUN5LAotktryx2nPCr7,8167678,797
2026-03-10,1wtOxkiel43cVs0Yux5Q4h,517848497,101616
2026-03-10,4zmKGsrXjLmljb5fTaBTot,289094516,127921
2026-03-10,1J1ldDi3rMQlRi49gaba0a,391218924,297648
2026-03-10,5PxFv9yJEg9dxvbZggykro,244747590,66121
2026-03-10,5oJUjUsBZcqyEhOdpif37h,321973,162
2026-03-10,3Vevii7qKqrmW8CcyzBHDl,414755079,188622
2026-03-10,4AYtqFyFbX0Xkc2wtcygTr,177900253,38885
2026-03-10,46NGAvL695VnbcSeTmQWmM,208420919,39489
2026-03-10,3MytWN8L7shNYzGl4tAKRp,185138090,63859
2026-03-10,1aBJNc2thaKyh5THWzIqHX,10228786,1567
2026-03-10,7dXKdjpOaH2iwfFKmUj7aq,161275915,25641
2026-03-10,5xXqyjLicvEpch72qEryFT,144909710,43388
2026-03-10,3QFB14MOUf3imlyISNmrbT,6951364,1119
2026-03-10,0vqI4ZIMuifeKeItGiWbPj,47821280,7397
2026-03-10,7A2cNLRT0YJc1yjxHlKihs,93712882,27119
2026-03-10,786NsUYn4GGUf8AOt0SQhP,67865484,12054
2026-03-10,5jAIouBES8LWMiriuNq170,71708403,21837
2026-03-10,6lzc0Al0zfZOIFsFvBS1ki,161053857,41932
2026-03-10,5G9AVKld9q7DCrmoY42raf,25717678,3075
2026-03-10,2ZoOmCSgj0ypVAmGd1ve4y,46407297,12889
2026-03-10,1qLeEu4iXEclkLwoBlMiou,62774746,8049
2026-03-10,7eQj6r5PIdYKEIZjucBMcq,112994700,24787
2026-03-10,0ug5NqcwcFR2xrfTkc7k8e,1691777869,1310494
2026-03-10,6M9ppdfFjR1AbpUl3Y8DcV,157935823,51474
2026-03-10,2R7C9dDqv1UPycvepBFziA,28192603,4045
2026-03-10,1hjRhYpWyqDpPahmSlUTlc,415001543,243062
2026-03-10,4evLyY5Ue1Wesc61t2KXAU,57321975,18669
2026-03-10,0XfTh16YcKPzdxMPTeKTAq,15739620,3012
2026-03-10,51A8eKvvZz9uydvIZ7xRSV,48112532,12360
2026-03-10,14Bljc3pOOG0xQX3wqhLN9,15739620,3012
2026-03-10,2L09RYwH5Pjzca6PmbUAw3,365246432,104945
2026-03-10,0RFCHlNuTeUHIB36VuVbOL,25494821,8911
2026-03-10,4pJi1rVt9GNegU9kywjg4z,46335759,15580
2026-03-10,7zMcNqs55Mxer82bvZFkpg,262249330,52462
2026-03-10,4XrP7vKBjKLEYlRZdb0Ygr,35328783,6328
2026-03-10,6vLpy7UPYuOa75Bkqocrcw,35328783,6328
2026-03-10,7ogK4lJDVDMU6A6vYR5rvD,133842253,60380
2026-03-10,0k0vFacOHNuArLWMiH60p7,74350269,17786
2026-03-10,7eResoqEJJAVTkQYSqvO3P,100130660,23033
2026-03-10,0Jlcvv8IykzHaSmj49uNW8,763945467,249138
2026-03-10,0P9wLFurlgumLXuqFEpw52,763945467,249138
2026-03-10,4EF6IyONolQy0bIQXm2EmX,142635897,68879
2026-03-10,1tuNqJOtRQVHvONR8Lg3MZ,273053120,161051
2026-03-10,6INztpNwOTlfSKTuPo0HOP,99834857,46860
2026-03-10,3pHkh7d0lzM2AldUtz2x37,545777156,208086
2026-03-10,2fgiBCtbWo8pijF6M7pN1i,15167153,5150
2026-03-10,5YbZZ2gYfvW1UvHHF4pVaD,45662727,8998
2026-03-10,6ON9UuIq49xXY9GPmHIYRp,70667371,22200
2026-03-10,2913xXOVAIDAqxzV2g4VcU,159062837,102537
2026-03-10,62E2nR0od0M5HYxuYLaDz7,208948979,116601
2026-03-10,53iuhJlwXhSER5J2IYYv1W,1140627888,4156331
2026-03-10,5cKBWgDjB5IXZ5jnryewOH,1140627888,4156331
2026-03-10,3Z2nTctPsTsgqqJm5fCSvG,15478983,36288
2026-03-10,6PlBKImSl4AZoxBU7F649D,20813443,104523
2026-03-10,3JNaLxAymiSUMrmjOarjeo,13327998,73717
2026-03-10,5k9RjjuYyOMCLL81U8FaHT,1629053,1816
2026-03-10,3wx2iW1rJGgdNln2I64HNh,226154024,39053
2026-03-10,2VuqMjgoKaOHNM8HpxtXKx,373860085,121556
2026-03-10,0eFQWVz0qIxDOvhLpZ40P7,208861525,58611
2026-03-10,0UAdDYrkCvVQftaKpL6q5f,56213611,10453
2026-03-10,6mqyTq948oap5AkyTsd6XF,20954674,6845
2026-03-10,2Eeur20xVqfUoM3Q7EFPFt,454505828,99812
2026-03-10,4ojxSyrEraN7d46BMBPThZ,454505828,99812
2026-03-10,7vvIpJZye5cRR6De1LKM0m,72798214,10016
2026-03-10,0y6kdSRCVQhSsHSpWvTUm7,162629891,61507
2026-03-10,5eXgqtg3T8Av0m1FUaGHex,246174879,450414
2026-03-10,2DF2sUvgHFKJ5TQGjm6n3T,5077740,11932
2026-03-10,42TAweWJJ9YlQ47T5nesu5,899199,1291
2026-03-10,4e5ayHsOLJNLTGfjau2mEw,100149957,23858
2026-03-10,2wtHlpYSgC7xEdD3DrSHNL,47974719,6711
2026-03-10,3RauEVgRgj1IuWdJ9fDs70,996462377,292284
2026-03-10,7FKbTRXXIWVFQmPH8zGfU0,23873286,3778
2026-03-10,1DTRUYVd8rYpla9hhVVwjo,105552286,61666
2026-03-10,0NRHj8hDwwmSPaA41o379r,94943571,25078
2026-03-10,0xvsgzM8AtBtRHZm5rav8A,17870736,4749
2026-03-10,1yDJcXc549N6AabNBzFAku,17870736,4749
2026-03-10,1cSFlSBdpT4F5vb1frQ231,96663414,28376
2026-03-10,2QA3IixpRcKyOdG7XDzRgv,41287173,11806
2026-03-10,18WFFUIsewmA8g31KAeo3e,261795178,173561
2026-03-10,4GBbcyrbDzwRtQjrsDRywK,332449047,177722
2026-03-10,3lXekiVK1ZPZbKconsys73,52475869,10584
2026-03-10,6dTA6y0C2ReQklntzZl8l3,145567211,53257
2026-03-10,72GIZuUXo14oyrS0si3Rgc,8093863,1354
2026-03-10,3NMrVbIVWT3fPXBj0rNDKG,325545190,148484
2026-03-10,6pYNq0ZwpPVazKzsqpf0G8,226885406,58639
2026-03-10,77VotUUL79U10TAnYdqwvr,83047822,22311
2026-03-10,22bPsP2jCgbLUvh82U0Z3M,577077217,238959
2026-03-10,7kt9e9LFSpN1zQtYEl19o1,566923036,226385
2026-03-10,1gaLZjPrDnHQWJds2Jg4KT,28649598,12530
2026-03-10,07NxDD1iKCHbAldceD7QLP,280988356,59915
2026-03-10,0MtU9ETYyVX8YPBDCYPdMb,341085,136
2026-03-10,1kTPQnabROVkW9bUXdCGrB,120242445,20085
2026-03-10,4WBEj8TeGtRPNJdOmT3WJW,365685852,145530
2026-03-10,6K0CJLVXqbGMeJSmJ4ENKK,44813741,12306
2026-03-10,0Om9WAB5RS09L80DyOfTNa,164929141,34062
2026-03-10,1HCdems7PQZRj42QDWLA0A,127652789,47094
2026-03-10,4pFvEWbjBpPUdYRQly0THs,35266228,8092
2026-03-10,2JoJrsEV15OzbijS47lids,72251491,21227
2026-03-10,0PurA4JVJ8YQgSVopY8fn6,431084889,128996
2026-03-10,5kYFVSQoPu7yRpfiHBwMUk,60396926,8666
2026-03-10,3S7HNKPakdwNEBFIVTL6dZ,144351788,36084
2026-03-10,7BT9K9BDqq6HI2oWH5UMZQ,17954426,2282
2026-03-10,1MaqkdFNIKPdpQGDzme5ss,172522798,57055
2026-03-10,2IZ00ed83ygPIiacYScWUE,26161480,5305
2026-03-10,6ovFJkdau79DuXEvQjPaNH,26161480,5305
2026-03-10,0tQ9vBYpldCuikPsbgOVKA,84584271,38431
2026-03-10,0hhzNPE68LWLfgZwdpxVdR,282015739,183267
2026-03-10,1xwAWUI6Dj0WGC3KiUPN0O,508596508,104609
2026-03-10,7AEAGTc8cReDqcbPoY9gwo,793758425,173617
2026-03-10,5YqltLsjdqFtvqE7Nrysvs,474583668,109327
2026-03-10,34V9RiEPe8MNdU32qJsJa1,75213552,14716
2026-03-10,3nRmDz7qGCvsMS30rGGY0x,294638830,95542
2026-03-10,1hR8BSuEqPCCZfv93zzzz9,183647042,67077
2026-03-10,0zo975x58DlXbZllWvfYhg,109893296,28888
2026-03-10,7GZ3KDorsc1yWndEtzGTjf,8577404,664
2026-03-10,1yFjBRQVhRdcdnrTE5LuyD,125067446,24763
2026-03-10,4jPtq9shRdUv8Zjr0a5xkD,125067446,24763
2026-03-10,5YL553x8sHderRBDlm3NM3,151964881,69840
2026-03-10,6kl8thRysTeVV3WvKxgZAy,425252339,205117
2026-03-10,2TEQvxxQabwLQMqWMg1qGu,248500662,456531
2026-03-10,1qwClaxDb5fCrLjXaAmB35,13119395,43702
2026-03-10,4A4A6dwl5DqdqrZaEtKGPR,1159317107,460155
2026-03-10,1K39ty6o1sHwwlZwO6a7wK,1006878344,320834
2026-03-10,5VDHMi7own9vDZjiwDES1e,16766052,14791
2026-03-10,0lx2cLdOt3piJbcaXIV74f,1072171389,248764
2026-03-10,77p4fRpoeiZMtUy3P9kN21,15746776,2418
2026-03-10,2NnrAdjE9cPdMklonMBuAv,43188154,5059
2026-03-10,0U0etHtpARihOUUY8Akc7y,19704382,5429
2026-03-10,77d7q9TNbsIDmRTDPkPv3L,19704382,5429
2026-03-10,5F7hpFKLmWgMHGxQuwssuv,10641088,2175
2026-03-10,5XkJj6sV2XLMaURdmdXgNx,10641088,2175
2026-03-10,6iWMI5oOhWrDbLbjmwTWFq,165456527,25171
2026-03-10,6HRsJu8vcnzYDN4t0570FY,121107653,56759
2026-03-10,5ylJtmaWPJ33cW3En7WOu0,221321949,346919
2026-03-10,4txojlesMFQZGWxwz2EeqB,359371841,105946
2026-03-10,4CHpVfAhuxNJ3ibExe6kxO,132363106,22139
2026-03-10,5pcjystBtalYeqaiXCcgEY,132363106,22139
2026-03-10,4A2LfnduSTsE8u0ecYROxE,159189499,24404
2026-03-10,0TyGh27YQ5LknmiDhCzJiT,158682009,96295
2026-03-10,3as6Wz3mwbTnusWhZjTUNr,809575569,371060
2026-03-10,7G6TDmGJXDoBaV6NGj3Yic,809575569,371060
2026-03-10,1qrpoAMXodY6895hGKoUpA,1063866043,488967
2026-03-10,36a08nLG1xazGaaVKK0vv7,9869456,3002
2026-03-10,6RRNNciQGZEXnqk8SQ9yv5,1123481604,185375
2026-03-10,7Bjf96uNizpvXLvNyOJpst,18396475,2942
2026-03-10,3CWq0pAKKTWb0K4yiglDc4,378667199,175678
2026-03-10,4N419mmxYybTfAECy5j4dw,51132374,7772
2026-03-10,6HWYtS215rxaaMjvpyG18W,51132374,7772
2026-03-10,6iiAfo4wTA2CVC3Uwx9uh8,97706281,26255
2026-03-10,4VbErhGDMTnvPAnt5z70DL,2514788,538
2026-03-10,4D7BCuvgdJlYvlX5WlN54t,847178375,339532
2026-03-10,3lXekiVK1ZPZbKconsys73,166307883,113832014
2026-03-11,0CD7DzeCsuPJygddqlUVYa,439762993,203303
2026-03-11,3CWq0pAKKTWb0K4yiglDc4,378839646,172447
2026-03-11,6sQckd3Z8NPxVVKUnavY1F,338717155,65906
2026-03-11,35rdVq36LMHQX0Suw9a6tK,156221338,33948
2026-03-11,1hjRhYpWyqDpPahmSlUTlc,415247670,246127
2026-03-11,19CSr8rwW05VJL2F91KFNK,284415963,69229
2026-03-11,3CCRVu4F91Qp2mnGjmWBrf,280833591,108915
2026-03-11,73YUReisjb3A9ActdLLjJQ,242638200,69121
2026-03-11,5BK0uqwY9DNfZ630STAEaq,357032745,75161
2026-03-11,3sW3oSbzsfecv9XoUdGs7h,505323422,283804
2026-03-11,2o2sgVJIgFXk8GQjWTgI6U,257796600,59921
2026-03-11,5QUIK7ZtziW8kGWo8RqopF,426730036,122797
2026-03-11,2ULNeSomDxVNmdDy8VxEBU,459904371,97083
2026-03-11,7AEAGTc8cReDqcbPoY9gwo,793932989,174564
2026-03-11,72jCZdH0Lhg93z6Z4hBjgj,1090485481,460119
2026-03-11,3as6Wz3mwbTnusWhZjTUNr,809934987,359418
2026-03-11,7G6TDmGJXDoBaV6NGj3Yic,809934987,359418
2026-03-11,0cITLOYn1Sv4q27zZPqlNK,293094635,61197
2026-03-11,4twNUyTpLMPWokYmCdFDCH,919532,355
2026-03-11,6505MLhnqTDDg4tjoUz2Wp,7759919,1512
2026-03-11,1Ygm9KdH3wbzDekO8JgxcW,29761003,6451
2026-03-11,6SYwJcqaltK2WFRmD1unUV,8666786,2123
2026-03-11,5VDHMi7own9vDZjiwDES1e,16780488,14436
2026-03-11,5RaBeejGtdPEszYEKYECs2,40246966,8498
2026-03-11,7Bjf96uNizpvXLvNyOJpst,18399390,2915
2026-03-11,1spLfUJxtyVyiKKTegQ2r4,34614881,10385
2026-03-11,7an1exwMnfYRcdVQm0yDev,57685283,14909
2026-03-11,6K0CJLVXqbGMeJSmJ4ENKK,44825863,12122
2026-03-11,2QA3IixpRcKyOdG7XDzRgv,41298901,11728
2026-03-11,2ZoOmCSgj0ypVAmGd1ve4y,46419843,12546
2026-03-11,73OX8GdpOeGzKC6OvGSbsv,56421522,17341
2026-03-11,3yII7UwgLF6K5zW3xad3MP,405952940,107050
2026-03-11,2QrQCMel6v2JiLxqrg4p2O,62687299,17625
2026-03-11,5YqltLsjdqFtvqE7Nrysvs,474706562,122894
2026-03-11,6AtZLIzUINvExIUy4QhdjP,496348365,105395
2026-03-11,1K39ty6o1sHwwlZwO6a7wK,1007188310,309966
2026-03-11,4OAuvHryIVv4kMDNSLuPt6,434902004,200107
2026-03-11,1qrpoAMXodY6895hGKoUpA,1064338446,472403
2026-03-11,2x3mwb96B6TquRqMtbxUE1,218274598,333784
2026-03-11,4qmFC3Jz5aQ0erlk2OSi2X,176102504,286743
2026-03-11,1appZ3c336FkPvCuywfmrs,211736654,312658
2026-03-11,03bTIHJElXZ0O0jqOQvAbY,282633389,476030
2026-03-11,5eXgqtg3T8Av0m1FUaGHex,246629386,454507
2026-03-11,62V2ZHslgQV98gH4AuVXnr,201930121,346224
2026-03-11,1SymEzIT3H8UZfibCs3TYi,503127951,160355
2026-03-11,12M5uqx0ZuwkpLp5rJim1a,445143921,161437
2026-03-11,2dgFqt3w9xIQRjhPtwNk3D,368607811,101282
2026-03-11,7HuBDWi18s4aJM8UFnNheH,366521054,117108
2026-03-11,0VE4kBnHJUgtMf0dy6DRmW,901197804,313853
2026-03-11,4XMP3zVxrnr58T0tjIHvpR,270824672,29195
2026-03-11,5enxwA8aAbwZbf5qCHORXi,1175041636,516462
2026-03-11,3nsfB1vus2qaloUdcBZvDu,376788570,197322
2026-03-11,48A0aShHlovDfTMucMrE66,144153936,21778
2026-03-11,4P9Q0GojKVXpRTJCaL3kyy,475254598,106811
2026-03-11,4bXCcoesMt8u99xMsbLr9U,215254671,32624
2026-03-11,3xYJScVfxByb61dYHTwiby,282078642,119609
2026-03-11,46NGAvL695VnbcSeTmQWmM,208461452,40533
2026-03-11,0kAZ3H6G9Zac4PMpmobMkj,95068329,35537
2026-03-11,7gdwoOmi258QJq0hmQ4hto,312157339,65316
2026-03-11,1u4HUiREUR6vX1W1RYG2Tm,16931803,4963
2026-03-11,79uDOz0zuuWS7HWxzMmTa2,296829374,109134
2026-03-11,4WBEj8TeGtRPNJdOmT3WJW,365849641,163789
2026-03-11,7qEUFOVcxRI19tbT68JcYK,228928421,133923
2026-03-11,4zmKGsrXjLmljb5fTaBTot,289220478,125962
2026-03-11,12xIjI9A9UlB6zEc7kyZ06,11815444,2491
2026-03-11,3zwMVvkBe2qIKDObWgXw4N,492318902,240347
2026-03-11,3rWDp9tBPQR9z6U5YyRSK4,843249856,230011
2026-03-11,4pNApnaUWAL2J4KO2eqokq,157475488,60957
2026-03-11,1SztNGCwEHJEVFx90E5g7D,199100583,51152
2026-03-11,10GRRCR5fctuOF4GFmATJI,175477022,57492
2026-03-11,1n3b9Eekoy3S9ZSZ5DmTW1,72772884,36679
2026-03-11,01K4zKU104LyJ8gMb7227B,296123292,87163
2026-03-11,05GsNucq8Bngd9fnd4fRa0,162038106,98184
2026-03-11,4OmFmE0fzcMG6g0Y8p4eSD,200127478,110748
2026-03-11,6aLOekfwbytwWvQftxTEF0,244991480,42793
2026-03-11,5gRYrtvyVyaCRvLt56OfuV,167512411,27169
2026-03-11,6wfugRLamFsTRbPcCpNnP7,192916889,33082
2026-03-11,2zfgVd034GlUvk7LqBHl6u,146075202,19055
2026-03-11,0qUnBLZ8bJqUNEeQgayL9t,363682970,85653
2026-03-11,6GXgd1BPD9bUpqw5AntGV5,157498274,68537
2026-03-11,43y1WpBdnEy5TR9aZoSQL9,136464384,55563
2026-03-11,0V3wPSX9ygBnCm8psDIegu,1980020612,436557
2026-03-11,1ULabO0PEsdJekqVH6G10G,117851017,46018
2026-03-11,2wMKBH2p5kIDFkRWjS9IOW,1980020612,436557
2026-03-11,6HRsJu8vcnzYDN4t0570FY,121163140,55487
2026-03-11,45R112Jz5hQeKgITXgSXzs,1005909468,245122
2026-03-11,0lKUBmEyQfzsQHozyeXzES,175070009,87950
2026-03-11,5NlYplrGsjUDFZ6x3HeVyT,880755278,167125
2026-03-11,733OhaXQIHY7BKtY3vnSkn,121046793,51866
2026-03-11,5jQI2r1RdgtuT8S3iG8zFC,880755278,167125
2026-03-11,0j0gJqxitjhmmkrW56dtQH,26848014,8645
2026-03-11,16M9Rxid0nXhVmme7lzVwN,26848014,8645
2026-03-11,3qoftcUZaUOncvIYjFSPdE,706005950,168238
2026-03-11,1QQii3pa5m8MEda0nbkjfw,455352701,120692
2026-03-11,3eX0NZfLtGzoLUxPNvRfqm,604843925,201113
2026-03-11,0heeNYlwOGuUSe7TgUD27B,360449778,74551
2026-03-11,5tWxKWq1DSP1s9WQ5PWuqu,239349756,65504
2026-03-11,2d3d9xZutJjmUpntiyHt3F,37946484,9105
2026-03-11,1wtOxkiel43cVs0Yux5Q4h,517950585,102088
2026-03-11,6C0H8ts9M6deezz0yYR6LK,20793648,6616
2026-03-11,4XiypEn8iKbeP1TbTqdfk5,4659225,2128
2026-03-11,7kjSmkSo15pHlkb0mOQtfj,4559374,2192
2026-03-11,2oWpe2L8ypC080BxpDVuTY,40477594,18166
2026-03-11,1UHoF9p75IVsvUt6WdTYhn,1744704670,727523
2026-03-11,6F67FNdOBNMFzxdj1CQ5pL,18712196,8748
2026-03-11,3hUxzQpSfdDqwM3ZTFQY0K,1744704670,727523
2026-03-11,1fzAuUVbzlhZ1lJAx9PtY6,689347911,455180
2026-03-11,6YvqWjhGD8mB5QXcbcUKtx,1156783697,485760
2026-03-11,0Oju1YcbPCJuUQQWoZNdJK,822630281,391598
2026-03-11,1MgV7FIyNxIG7WzMRJV5HC,822630281,391598
2026-03-11,4YrpqEBNuz7IMsZtUP6bNQ,9528784,1588
2026-03-11,4MGexoZc12lqE0hYkq9YYx,28364916,8871
2026-03-11,2yceD2hx5HhOLgkm1CITCi,22939188,8370
2026-03-11,560uQyz3p5G9WdnMX39xc6,21097668,7511
2026-03-11,5KByGq0JijSSDcy0qzuINs,17181959,5807
2026-03-11,40PXEOFLJc7UIpLMrhSfW1,122523215,18777
2026-03-11,7zMcNqs55Mxer82bvZFkpg,262301877,52547
2026-03-11,0v4z1tuZvn6LGknom9Qx7d,165968006,55053
2026-03-11,2r9CbjYgFhtAmcFv1cSquB,124959581,43479
2026-03-11,6pYNq0ZwpPVazKzsqpf0G8,226944790,59384
2026-03-11,3S7HNKPakdwNEBFIVTL6dZ,144387546,35758
2026-03-11,5l6GqSxplqnZbLg0LTPQeG,495908855,160578
2026-03-11,04S1pkp1VaIqjg8zZqknR5,1004244976,292361
2026-03-11,6IH2Z54gYPLqgJtxZjX80i,81424772,6863
2026-03-11,7dXKdjpOaH2iwfFKmUj7aq,161300858,24943
2026-03-11,62rlxI6g2PNaWsHoiRryto,27981597,4949
2026-03-11,0Nw8hv79MLJa1yjtsEgz08,7612660,1276
2026-03-11,0qsSmObOgBZfuMIwfAQDBP,74872617,10434
2026-03-11,6S9G7J3EB1ZY0rrZPwsBg5,74872617,10434
2026-03-11,1EQn3Uc5AyUXoiPLeyCrrg,78055872,9463
2026-03-11,1IsquhJFJ0qcFZI7FeAEuN,14670623,3080
2026-03-11,3kfgJql90tzgoxByioAMXR,57082806,7584
2026-03-11,1aBJNc2thaKyh5THWzIqHX,10230241,1455
2026-03-11,6hH37tyeRdyan1mAppmVor,7048038,1619
2026-03-11,2NlmmAjGYrrjAp0MED5rGx,734543079,203311
2026-03-11,4A4A6dwl5DqdqrZaEtKGPR,1159765664,448557
2026-03-11,1P17dC1amhFzptugyAO7Il,1417029131,285427
2026-03-11,6xsEAm6w9oMQYYg3jkEkMT,225178299,57353
2026-03-11,64FzgoLZ3oXu2SriZblHic,151285869,61545
2026-03-11,1hR8BSuEqPCCZfv93zzzz9,183713532,66490
2026-03-11,3pv7Q5v2dpdefwdWIvE7yH,223954269,90319
2026-03-11,45wMBGri1PORPjM9PwFfrS,360589628,145961
2026-03-11,1By2VQkUN0Frd8mKNV5NYC,245131201,101400
2026-03-11,6qAcApH8obo8eqatCKUHd9,135833944,37107
2026-03-11,5M787RexsAiVYjQusM98CV,217744350,86936
2026-03-11,2evEoQAhIMaa9PfjTT5skG,20332143,3429
2026-03-11,5zOKuItOTZhRCGtPrDYmlj,4319842,954
2026-03-11,2slqvGLwzZZYsT4K4Y1GBC,139603735,16649
2026-03-11,1SmiQ65iSAbPto6gPFlBYm,161537416,29785
2026-03-11,4AYtqFyFbX0Xkc2wtcygTr,177938694,38441
2026-03-11,0NwGC0v03ysCYINtg6ns58,180225167,46845
2026-03-11,6dTA6y0C2ReQklntzZl8l3,145619482,52271
2026-03-11,71CBDRKmF2VeRKYMG1DFBh,248744388,78051
2026-03-11,30Y4CV7A6YqtQtTTo7Ue4j,138364325,35891
2026-03-11,4D7BCuvgdJlYvlX5WlN54t,847500551,322176
2026-03-11,4tMzIAFTFdqGBQLdfbPces,125422842,47586
2026-03-11,2L09RYwH5Pjzca6PmbUAw3,365351529,105097
2026-03-11,5kI4eCXXzyuIUXjQra0Cxi,450820812,94654
2026-03-11,5xXqyjLicvEpch72qEryFT,144951928,42218
2026-03-11,2Eeur20xVqfUoM3Q7EFPFt,454606394,100566
2026-03-11,3MytWN8L7shNYzGl4tAKRp,185201371,63281
2026-03-11,4txojlesMFQZGWxwz2EeqB,359475480,103639
2026-03-11,4ojxSyrEraN7d46BMBPThZ,454606394,100566
2026-03-11,0sY6ZUTh4yoctD8VIXz339,817086481,214158
2026-03-11,7MbT4I8qGntX4fMdqMQgke,268272850,67356
2026-03-11,6MWoRt97mnSTXZhu3ggi9C,242352065,59115
2026-03-11,0Jlcvv8IykzHaSmj49uNW8,764188504,243037
2026-03-11,0P9wLFurlgumLXuqFEpw52,764188504,243037
2026-03-11,4GS68CE8nKLIKjjapiSm2I,11311263,2009
2026-03-11,3oF7Or7T35yhQbGxbCGvRX,45357797,9191
2026-03-11,7FKbTRXXIWVFQmPH8zGfU0,23876907,3621
2026-03-11,7wo2UNeQBowm28hfAJsEMz,19749528,10073
2026-03-11,0UAdDYrkCvVQftaKpL6q5f,56224052,10441
2026-03-11,3k7ne7VmH43ZPWxPdvPUgR,231169957,55660
2026-03-11,5jAIouBES8LWMiriuNq170,71729801,21398
2026-03-11,1mh5dObNoOvCfHmXnhvDEK,16668042,5011
2026-03-11,4YHHz3VIXgNDGdoL9xC1tx,14685371,4937
2026-03-11,1u8c2t2Cy7UBoG4ArRcF5g,2376664947,989830
2026-03-11,0yisH8r0f3Mkq34kjzUlCV,5195066,503
2026-03-11,6cf6rLb8qcklvJv90W6HCW,25366368,4089
2026-03-11,4mqgn90sCeVSYqcoftTQTd,19132682,2535
2026-03-11,7HC7R2D8WjXVcUHJyEGjRs,87119286,23697
2026-03-11,4uuEGH5SVuzkkSFjo2DEiY,92532540,23349
2026-03-11,4qUijfYU8EoIWiY6oSyrgT,70534941,13920
2026-03-11,3r9bgSJlJz2zlevcBRYXko,86483099,17097
2026-03-11,34V9RiEPe8MNdU32qJsJa1,75228467,14915
2026-03-11,01QdEx6kFr78ZejhQtWR5m,68613050,18632
2026-03-11,0k0vFacOHNuArLWMiH60p7,74368062,17793
2026-03-11,2nqio0SfWg6gh2eCtfuMa5,132183628,30845
2026-03-11,51A8eKvvZz9uydvIZ7xRSV,48125157,12625
2026-03-11,1n2wszmJyVkw6FHqyLnQsY,53448324,13939
2026-03-11,5og4Qzt92jJzVDkOtSEilb,368381118,167614
2026-03-11,74sZKiwaGtSEEyjhDmi99y,368381118,167614
2026-03-11,2XXwLdtuAcE0HSCu61ijAb,398352861,201911
2026-03-11,2913xXOVAIDAqxzV2g4VcU,159165701,102864
2026-03-11,3NMrVbIVWT3fPXBj0rNDKG,325694197,149007
2026-03-11,1DTRUYVd8rYpla9hhVVwjo,105617034,64748
2026-03-11,212gSq8QwTqxjHJSEcMoEZ,515583757,254403
2026-03-11,2F3N9tdombb64aW6VtZOdo,515583757,254403
2026-03-11,1GwMQaZz6Au3QLDbjbMdme,572873243,265221
2026-03-11,7I7JbDv63ZJJsSi24DyJrz,337540852,88608
2026-03-11,1ZY1PqizIl78geGM4xWlEA,735227200,140717
2026-03-11,2x0WlnmfG39ZuDmstl9xfX,618791710,147811
2026-03-11,2hmafYGj1CXYKIYcMnX4lj,47057030,8128
2026-03-11,0U0etHtpARihOUUY8Akc7y,19709967,5585
2026-03-11,77d7q9TNbsIDmRTDPkPv3L,19709967,5585
2026-03-11,0eFQWVz0qIxDOvhLpZ40P7,208918928,57403
2026-03-11,1VPHQriwOsy5aGHLwwZyho,539106,435
2026-03-11,4axSuOg3BqsowKjRpj59RU,93566706,24471
2026-03-11,2fgiBCtbWo8pijF6M7pN1i,15172271,5118
2026-03-11,4R2kfaDFhslZEMJqAFNpdd,1931170011,856079
2026-03-11,7zcnlq38eqNWyUF6eNaB5Z,1931170011,856079
2026-03-11,0g4fMVo4JjwnIpTfFfLdxS,121833407,56084
2026-03-11,4EF6IyONolQy0bIQXm2EmX,142705373,69476
2026-03-11,5chnRTB9qMK3W1M41SnU9s,183390903,80811
2026-03-11,1Zai5UJ2di3qEuR2HeT2s8,129455063,65786
2026-03-11,4ABYxlb92WBIjHu7TIKmml,115947180,32502
2026-03-11,12nBPF4Rh4XLFJV0YLN7uj,67037326,22343
2026-03-11,4e3ZNTAV6PCrdYMUrUlMpQ,121584107,36968
2026-03-11,1zU8j1x3yi9xalMF96pzKp,148930036,42132
2026-03-11,4evLyY5Ue1Wesc61t2KXAU,57341146,19171
2026-03-11,0RdcBnAXyH2YZZvcBVu2k6,30504347,5741
2026-03-11,2R7C9dDqv1UPycvepBFziA,28196641,4038
2026-03-11,1rmEsOezwf2lmIZTMAO5Ag,161777994,110811
2026-03-11,3zMDGj4D8ogaYgAIZPeU7S,167810813,113946
2026-03-11,62E2nR0od0M5HYxuYLaDz7,209064557,115578
2026-03-11,3hlGuz3loYoLfI3bpwieWq,171512215,99543
2026-03-11,4GBbcyrbDzwRtQjrsDRywK,332626890,177843
2026-03-11,3ExweHKZF9B752DPQByRVT,58394635,14645
2026-03-11,1msEuwSBneBKpVCZQcFTsU,146960726,36862
2026-03-11,31JVjy3XWnh6C2zf4kLCXN,9746654,812
2026-03-11,0RFCHlNuTeUHIB36VuVbOL,25503195,8374
2026-03-11,3oGVx9RBmiYGv5ZCecWLkx,121852460,27643
2026-03-11,4mKye6Z1kXuKolzMkJoKFA,287889062,6701
2026-03-11,50ho0AOvkm8E5l8zf7OfJI,15217421,666
2026-03-11,7C0w28EsX0Um2FrZs9gso2,157297043,38263
2026-03-11,1alAo6dYalSx8yZUn17JxF,2921140,259
2026-03-11,5fOV54t6mMYv3H9CsnvU81,9643021,2766
2026-03-11,04xrhDrQ2WOW8GLwu7kbc0,14499020,4849
2026-03-11,4d9PtIEVij9jW5OaLinH66,173071297,76862
2026-03-11,0cEG04R5cldkTLzK6phlcn,19112511,3609
2026-03-11,4pl5zcqCv4vc3cB7M4MZ6f,19112511,3609
2026-03-11,4qyalTRMRH5YuEntvvMvq0,46786703,8287
2026-03-11,3K2es3gElMRJ3qvmPW442g,155209618,22418
2026-03-11,7vvIpJZye5cRR6De1LKM0m,72808389,10175
2026-03-11,3fGnrtrtL1IHSX9t4DKOYf,83051847,22704
2026-03-11,7ryS0xBZNYjQqql34GCkDp,35279333,14270
2026-03-11,2NmsngXHeC1GQ9wWrzhOMf,606523111,205566
2026-03-11,1XjHRolIXL2M1EEOUsGGR4,255397036,81052
2026-03-11,5vyxXfD5gLlyPxGZMEjtmd,143690297,52002
2026-03-11,15DeqWWQB4dcEWzJg15VrN,455347823,129606
2026-03-11,6LZaxlycSWrJZ4Volb25qx,251008981,45084
2026-03-11,1BxfuPKGuaTgP7aM0Bbdwr,3276417559,1179527
2026-03-11,1kHVme7OVyPqhtdiLj2SI4,3276417559,1179527
2026-03-11,37jfioVu3Bd2Du9bteXNDU,44190659,25312
2026-03-11,0ISHfeb30gj4CSWUZYuesj,1216712,1237
2026-03-11,0ThxqUZ9PwS6n0UT5i1XH6,3068877,910
2026-03-11,6NFyWDv5CjfwuzoCkw47Xf,1301094210,434435
2026-03-11,3ZfvKQxJp4zZshiJsRPoD1,392959,178
2026-03-11,2NnrAdjE9cPdMklonMBuAv,43193063,4909
2026-03-11,3QFB14MOUf3imlyISNmrbT,6952503,1139
2026-03-11,5Iadj8IBPrt634WW0yGPRI,637738,277
2026-03-11,1Fj0T1XKuhRu7EZzJ7NJIK,52165755,17620
2026-03-11,5eGX87IiKsGuzS3iw4CfCX,81372996,10695
2026-03-11,2Sy2oGjP5RYB4cLVoDU0Gz,52268746,11826
2026-03-11,1R0a2iXumgCiFb7HEZ7gUE,1570692909,512015
2026-03-11,4svZDCRz4cJoneBpjpx8DJ,573546792,151975
2026-03-11,5JtXBqKLdfzwedmlUjjqAm,848236,293
2026-03-11,6oVxXO5oQ4pTpO8RSnkzvv,555390527,443209
2026-03-11,5hQSXkFgbxjZo9uCwd11so,366952007,188643
2026-03-11,2k0w1FGqvzVPgQ9VdTaJpe,373794,226
2026-03-11,62HoDY1Km6lm47haFpUn9c,195902787,281012
2026-03-11,2TEQvxxQabwLQMqWMg1qGu,248947660,446998
2026-03-11,2JHzTARFUispsjZHKhrxxO,4357231,12554
2026-03-11,6hKfPNnVlA2cgTgKj6Vgcw,7097017,20257
2026-03-11,2DF2sUvgHFKJ5TQGjm6n3T,5089094,11354
2026-03-11,1qwClaxDb5fCrLjXaAmB35,13162816,43421
2026-03-11,1jgTiNob5cVyXeJ3WgX5bL,309869142,544410
2026-03-11,4UBWugj5D20ZveyzdGpqvD,8169809,20567
2026-03-11,3r9fAceWmaDFvbNiTnFiLr,1445840,1793
2026-03-11,4cag67C3v9ToeFivUwDUsE,440173,201
2026-03-11,08fa9LFcFBTcilB3iq2e2A,233147146,56018
2026-03-11,7kt9e9LFSpN1zQtYEl19o1,567153513,230477
2026-03-11,4yyKppX85ZkmlGOC2toBZA,13385645,4745
2026-03-11,0QTBsdoJhamY3Aid3fOsOd,16292219,5262
2026-03-11,3O5osWf1rSoKMwe6E9ZaXP,298131310,97007
2026-03-11,12ntTeqEeTg7GAVpe8Mhpl,313686910,111642
2026-03-11,4pvb0WLRcMtbPGmtejJJ6y,1065031729,475574
2026-03-11,6kz2hkq1xQvDqPcUyBkw8f,1065031729,475574
2026-03-11,0lx2cLdOt3piJbcaXIV74f,1072426558,255169
2026-03-11,2NIBaWXdjaTDmytjjwbEfP,50594729,10735
2026-03-11,2NGGvVcfb2m2NbVaXHC3gb,1280928,1586
2026-03-11,77sMIMlNaSURUAXq5coCxE,454381455,170690
2026-03-11,7G0gBu6nLdhFDPRLc0HdDG,273952145,98653
2026-03-11,5YL553x8sHderRBDlm3NM3,152032693,67812
2026-03-11,670fUmXf4KQekzbEgaXyPA,229509588,81986
2026-03-11,0ZNU020wNYvgW84iljPkPP,570706471,192884
2026-03-11,5jQyGzcwqAxwT5QUIMivoX,570706471,192884
2026-03-11,3F6czr26ZwGU5O5CHY04Ma,147467691,52272
2026-03-11,6zV8AVM9eVfdG7Qahwd64R,147467691,52272
2026-03-11,0KztjtD3ytzgYjUKIVfBnW,264822752,54961
2026-03-11,3M0w3fhdXByHLCNAoi5c9G,131047260,20602
2026-03-11,4yf9OivCH2lmQWN8mzpCC6,131047260,20602
2026-03-11,3ZVFcD8Wlw9T9klGqmJf9F,323202377,171193
2026-03-11,6kl8thRysTeVV3WvKxgZAy,425456592,204253
2026-03-11,4s8BIKx4Zh6ryAEz8RTlaU,135242034,47044
2026-03-11,1HCdems7PQZRj42QDWLA0A,127700104,47315
2026-03-11,1zxrcAk6eiytfavqriMcKT,60255912,11948
2026-03-11,3lXekiVK1ZPZbKconsys73,166329682,21799
2026-03-11,13MAWVUSkbGMUi6I7RowRK,29828933,3918
2026-03-11,46HGgtwmmuEB8mvDCyjyAc,29828933,3918
2026-03-11,2OzhQlSqBEmt7hmkYxfT6m,1134331626,627378
2026-03-11,4dgf2DYVJbtmy8zAYLs4c7,801294826,392601
2026-03-11,2BUTSRKPGRsyc9FnsC5Udd,20267960,14744
2026-03-11,0hhzNPE68LWLfgZwdpxVdR,282187740,172001
2026-03-11,1gejz5ROvJBUb6WJzkMAcc,40050914,26427
2026-03-11,7pM01Cfj8vt7z3qI2TveNT,2106789,622
2026-03-11,2PGIFYRG1XWsPqNG14hgD1,5057940,1739
2026-03-11,3fO566xJgwxIa3qGCGBvIC,248520115,148522
2026-03-11,1kcwpPDQnqEqmezzXdJTCP,248039399,154225
2026-03-11,2bzUVEvpZ7At5cYz1kOLI9,86985421,28650
2026-03-11,73W5aXorr5vxrySFcoZqIN,186600088,107582
2026-03-11,1kdWw77ZpYOkhxeuhzU1j6,148619591,44117
2026-03-11,7bdyzcQ0onk60hfsxDCd2X,522115,255
2026-03-11,0DMVrlMUn01M0IcpDbwgu7,77553722,20214
2026-03-11,7J4b3LVCIGO4CMBDFLPoP6,117158709,32934
2026-03-11,7A2cNLRT0YJc1yjxHlKihs,93739763,26881
2026-03-11,6lzc0Al0zfZOIFsFvBS1ki,161095853,41996
2026-03-11,3ZHTwJzCNDFvjLpVQiqpH6,402580,148
2026-03-11,0W0iAC1VGlB82PI6elxFYf,551711693,443644
2026-03-11,1tuNqJOtRQVHvONR8Lg3MZ,273219137,166017
2026-03-11,1J1ldDi3rMQlRi49gaba0a,391515941,297017
2026-03-11,18WFFUIsewmA8g31KAeo3e,261969994,174816
2026-03-11,11UaQaEp2LvdspTyyuE3ur,118127370,23100
2026-03-11,4fWDgRZa0GKE5KZNhE9MQa,55437123,9838
2026-03-11,6wcFdMmiDscAhZJrcVFumx,55437123,9838
2026-03-11,550erGcdD9n6PnwxrvYqZT,118602888,31358
2026-03-11,2m3ObD945KvpE5y9A1eUWm,76071995,23728
2026-03-11,1cSFlSBdpT4F5vb1frQ231,96691296,27882
2026-03-11,60hGQrn24APqEFSLObLeDc,284689303,62968
2026-03-11,0Om9WAB5RS09L80DyOfTNa,164962566,33425
2026-03-11,5d2Kn9oAAh9S2EbyCo1i52,60038424,10698
2026-03-11,5Bedn0svl0ZD7RGmJkmKKw,213285993,116992
2026-03-11,2CnjDMdpRjlWv04Xk3s6MW,93045126,50784
2026-03-11,5VwFkx7JOimOGTYfha5rs1,67166729,8224
2026-03-11,0vvt4IZOMkRug195S4MUq0,49039316,8362
2026-03-11,4CkgMiMqZ5JzW9iYXSTMTL,282666331,90843
2026-03-11,0hFF0aqyjDwDh6SQwRbTyx,7754570,4758
2026-03-11,5kHMfzgLZP95O9NBy0ku4v,339106821,86714
2026-03-11,2hecdut2HWM5JMHqLTWThq,519087,196
2026-03-11,2y5aJvzXhHPA94U5GFAcXe,2093710718,625889
2026-03-11,43rA71bccXFGD4C8GOpIlN,411943842,85982
2026-03-11,3RauEVgRgj1IuWdJ9fDs70,996743235,280858
2026-03-11,214nt20w5wOxJnY462klLw,552376381,190545
2026-03-11,6RRNNciQGZEXnqk8SQ9yv5,1123669885,188281
2026-03-11,4JQm7ebhsrt10wmrP6AfXL,6382095,588
2026-03-11,2YWtcWi3a83pdEg3Gif4Pd,344067117,72014
2026-03-11,1LLXZFeAHK9R4xUramtUKw,430106527,120615
2026-03-11,4TtyvyI42C0KFnbDZvNC8Y,4898626,474
2026-03-11,0JIdBrXGSJXS72zjF9ss9u,67162428,18515
2026-03-11,5OOd01o2YS1QFwdpVLds3r,45758902,11781
2026-03-11,6VsvKPJ4xjVNKpI8VVZ3SV,517045835,177583
2026-03-11,6IG3sQ8s9nfk6TUlVzRhbN,577487214,144494
2026-03-11,08gavXombT6KR0af88i9tA,28705053,5327
2026-03-11,6WWvcA62QlnRguluWAk6bv,28705053,5327
2026-03-11,4i6cwNY6oIUU2XZxPIw82Y,113812715,23860
2026-03-11,5EsfyTD26nlVQ0DtYo16uJ,365949,172
2026-03-11,4bBDkw2KBMX0tcgAaXC83Q,393144606,184528
2026-03-11,59KOoHFcw5XfICnO57holu,135541026,73926
2026-03-11,1D27z8xNzjW0Mwwt1NCWhJ,139290083,29214
2026-03-11,73qMN9bXy7MSPwwGfH3wQr,134806787,42493
2026-03-11,2IprIjGNRlj3TfqUWCAo0C,43880562,3081
2026-03-11,3nRmDz7qGCvsMS30rGGY0x,294733401,94571
2026-03-11,2M4tVhRXucLE9M3STv21Yi,29119170,6042
2026-03-11,6XDBA3QWX51lDJ0oZbaJJN,116416727,25997
2026-03-11,4hqJ4bSlYJOXb6Z4SRmzxs,217832043,94787
2026-03-11,1zz0XSmHCFd57ne04UAp38,766963,289
2026-03-11,3YkNIrAvbKNrrwwEd7NVLl,355409638,295838
2026-03-11,3Vevii7qKqrmW8CcyzBHDl,414943350,188271
2026-03-11,0kN3oXYWWAk1uC0y2WoyOE,1102927452,370845
2026-03-11,5xPsybHWRHbTYO44xnREY5,1102927452,370845
2026-03-11,3RNDw7yywLNyawDKV99hTx,11405183,2332
2026-03-11,4VbErhGDMTnvPAnt5z70DL,2515359,571
2026-03-11,1dGr1c8CrMLDpV6mPbImSI,1996839752,728708
2026-03-11,3i9UVldZOE0aD0JnyfAZZ0,330142996,43846
2026-03-11,4y5bvROuBDPr5fuwXbIBZR,825805914,218129
2026-03-11,2msvOEbkK50foYf9BMXr2X,30087721,7055
2026-03-11,4lD3RXyvHpJsM3BhIEC4aA,13821983,4343
2026-03-11,2QDyYdZyhlP2fp79KZX8Bi,271302445,61590
2026-03-11,2Rk4JlNc2TPmZe2af99d45,973605313,146159
2026-03-11,7mFiEij8AXPUZB7aKLbUlQ,7875307,1154
2026-03-11,68QyrSzpnoU04AAhE5z8lj,7379409,1074
2026-03-11,3tGq7hWDCtrnL83y5OGual,24574722,5636
2026-03-11,4IQkfUsrwXol38VV3U7t7T,166681803,25947
2026-03-11,3z6XUommYDWPHeFhmhhT6j,279768438,131912
2026-03-11,7yndkPYP6YQQLBpPsizDfh,7905972,1193
2026-03-11,2CYVETnhM9aytqrazYYwrK,466922212,120803
2026-03-11,6iiAfo4wTA2CVC3Uwx9uh8,97733162,26881
2026-03-11,5mdNyCS7ttVcAyVYOIFEjs,31145707,13092
2026-03-11,1gaLZjPrDnHQWJds2Jg4KT,28662386,12788
2026-03-11,3JilapcaOXzjR9gtvCY8FO,98936299,18086
2026-03-11,2EFZ9emtKWEglWUQGEQ3P9,88379043,38432
2026-03-11,6rZVy6FIG7lSJQMFXHo12z,326553488,73187
2026-03-11,7F5oktn5YOsR9eR5YsFtqb,270335508,81570
2026-03-11,13tYZVTtzLUJTlM7m1ivbi,379969,158
2026-03-11,3RaT22zZsxVYxxKR7TAaYF,346033248,72097
2026-03-11,3yWuTOYDztXjZxdE2cIRUa,607486483,2137934
2026-03-11,5ylJtmaWPJ33cW3En7WOu0,221666776,344827
2026-03-11,0E3Vtmgzk067KASoo0HwzV,2327863,111085
2026-03-11,0ttGLmxI0mAkMblE6iRm2S,1646476,41428
2026-03-11,5t1wMjV9ldVDdYs4l7mG2g,1476677,58335
2026-03-11,7y16ygjcEcfo1VYKxmgVZY,9222331,33098
2026-03-11,7vf4GBEJmv0uXojpr5qPMX,1085809,2914
2026-03-11,7EWLNUpx0QWUCYfmBJS9qb,965709,6239
2026-03-11,1VCcPLfDiR1S9PJaSp5qm5,492179,10275
2026-03-11,5SkuikJwvwfEvNyCepGkq3,1343514,1676
2026-03-11,3yNJkriPzWjkkDAWHIAVUq,81509604,26168
2026-03-11,0zo975x58DlXbZllWvfYhg,109921242,27946
2026-03-11,045ZeOHPIzhxxsm8bq5kyE,252160225,230393
2026-03-11,32mVHdy0bi1XKgr0ajsBlG,252025211,62305
2026-03-11,16MVSD0mGI4RMQT83Qzm69,156257711,37307
2026-03-11,77p4fRpoeiZMtUy3P9kN21,15749026,2250
2026-03-11,7nWui6jiMM2m9qFmET1Mtj,57823218,15289
2026-03-11,0NRHj8hDwwmSPaA41o379r,94968683,25112
2026-03-11,5QKhg4r4Ibt0LVTmWEXTEg,43710971,6679
2026-03-11,2RJnNdu4pb3MypbBroHU0T,82195449,26213
2026-03-11,6INztpNwOTlfSKTuPo0HOP,99880987,46130
2026-03-11,0z9UVN8VBHJ9HdfYsOuuNf,255895717,28554
2026-03-11,71IScwIe7bcIlpnlkbKVQw,16765907,818
2026-03-11,5F7hpFKLmWgMHGxQuwssuv,10643321,2233
2026-03-11,5XkJj6sV2XLMaURdmdXgNx,10643321,2233
2026-03-11,2vJ7QvyCiR4DaHxwO58izA,402511429,97474
2026-03-11,6KJqZcs9XDgVck7Lg9QOTC,402511429,97474
2026-03-11,4cOWq0cVsKjxaQpRMbDoH1,17851089,5556
2026-03-11,0cqRj7pUJDkTCEsJkx8snD,1837195726,710926
2026-03-11,1cJkUN5LAotktryx2nPCr7,8168486,808
2026-03-11,5PxFv9yJEg9dxvbZggykro,244813421,65831
2026-03-11,07NxDD1iKCHbAldceD7QLP,281048744,60388
2026-03-11,5oJUjUsBZcqyEhOdpif37h,322154,181
2026-03-11,0vqI4ZIMuifeKeItGiWbPj,47828715,7435
2026-03-11,786NsUYn4GGUf8AOt0SQhP,67877770,12286
2026-03-11,5G9AVKld9q7DCrmoY42raf,25720774,3096
2026-03-11,1qLeEu4iXEclkLwoBlMiou,62783033,8287
2026-03-11,7eQj6r5PIdYKEIZjucBMcq,113019221,24521
2026-03-11,0ug5NqcwcFR2xrfTkc7k8e,1693025503,1247634
2026-03-11,6M9ppdfFjR1AbpUl3Y8DcV,157985009,49186
2026-03-11,0XfTh16YcKPzdxMPTeKTAq,15742738,3118
2026-03-11,14Bljc3pOOG0xQX3wqhLN9,15742738,3118
2026-03-11,4pJi1rVt9GNegU9kywjg4z,46351020,15261
2026-03-11,4XrP7vKBjKLEYlRZdb0Ygr,35335332,6549
2026-03-11,6vLpy7UPYuOa75Bkqocrcw,35335332,6549
2026-03-11,7ogK4lJDVDMU6A6vYR5rvD,133902520,60267
2026-03-11,7eResoqEJJAVTkQYSqvO3P,100154654,23994
2026-03-11,4CHpVfAhuxNJ3ibExe6kxO,132384255,21149
2026-03-11,5pcjystBtalYeqaiXCcgEY,132384255,21149
2026-03-11,3pHkh7d0lzM2AldUtz2x37,545980159,203003
2026-03-11,5YbZZ2gYfvW1UvHHF4pVaD,45672118,9391
2026-03-11,6ON9UuIq49xXY9GPmHIYRp,70689526,22155
2026-03-11,53iuhJlwXhSER5J2IYYv1W,1144666165,4038277
2026-03-11,5cKBWgDjB5IXZ5jnryewOH,1144666165,4038277
2026-03-11,3Z2nTctPsTsgqqJm5fCSvG,15515602,36619
2026-03-11,6PlBKImSl4AZoxBU7F649D,20915935,102492
2026-03-11,3JNaLxAymiSUMrmjOarjeo,13400781,72783
2026-03-11,5k9RjjuYyOMCLL81U8FaHT,1630886,1833
2026-03-11,2VuqMjgoKaOHNM8HpxtXKx,373976080,115995
2026-03-11,3wx2iW1rJGgdNln2I64HNh,226195456,41432
2026-03-11,6mqyTq948oap5AkyTsd6XF,20961665,6991
2026-03-11,0y6kdSRCVQhSsHSpWvTUm7,162691314,61423
2026-03-11,42TAweWJJ9YlQ47T5nesu5,900474,1275
2026-03-11,2wtHlpYSgC7xEdD3DrSHNL,47981868,7149
2026-03-11,4e5ayHsOLJNLTGfjau2mEw,100174077,24120
2026-03-11,0xvsgzM8AtBtRHZm5rav8A,17875682,4946
2026-03-11,1yDJcXc549N6AabNBzFAku,17875682,4946
2026-03-11,72GIZuUXo14oyrS0si3Rgc,8095189,1326
2026-03-11,77VotUUL79U10TAnYdqwvr,83070717,22895
2026-03-11,22bPsP2jCgbLUvh82U0Z3M,577311045,233828
2026-03-11,0MtU9ETYyVX8YPBDCYPdMb,341233,148
2026-03-11,1kTPQnabROVkW9bUXdCGrB,120262480,20035
2026-03-11,4A2LfnduSTsE8u0ecYROxE,159213701,24202
2026-03-11,4pFvEWbjBpPUdYRQly0THs,35275674,9446
2026-03-11,2JoJrsEV15OzbijS47lids,72272481,20990
2026-03-11,0PurA4JVJ8YQgSVopY8fn6,431215133,130244
2026-03-11,5kYFVSQoPu7yRpfiHBwMUk,60405797,8871
2026-03-11,7BT9K9BDqq6HI2oWH5UMZQ,17956842,2416
2026-03-11,1MaqkdFNIKPdpQGDzme5ss,172578504,55706
2026-03-11,2IZ00ed83ygPIiacYScWUE,26166678,5198
2026-03-11,6ovFJkdau79DuXEvQjPaNH,26166678,5198
2026-03-11,0tQ9vBYpldCuikPsbgOVKA,84622775,38504
2026-03-11,1xwAWUI6Dj0WGC3KiUPN0O,508701131,104623
2026-03-11,7GZ3KDorsc1yWndEtzGTjf,8578014,610
2026-03-11,1yFjBRQVhRdcdnrTE5LuyD,125092846,25400
2026-03-11,4jPtq9shRdUv8Zjr0a5xkD,125092846,25400
2026-03-11,6iWMI5oOhWrDbLbjmwTWFq,165481786,25259
2026-03-11,0TyGh27YQ5LknmiDhCzJiT,158782168,100159
2026-03-11,36a08nLG1xazGaaVKK0vv7,9872395,2939
2026-03-11,4N419mmxYybTfAECy5j4dw,51140358,7984
2026-03-11,6HWYtS215rxaaMjvpyG18W,51140358,7984
2026-03-11,2yLa0QULdQr0qAIvVwN6B5,1004500098,322528
2026-03-11,1g09DZjQ7yBommCT6POY2n,11507302,1145
2026-03-12,6sQckd3Z8NPxVVKUnavY1F,338783425,66270
2026-03-12,19CSr8rwW05VJL2F91KFNK,284487010,71047
2026-03-12,35rdVq36LMHQX0Suw9a6tK,156257031,35693
2026-03-12,73YUReisjb3A9ActdLLjJQ,242710833,72633
2026-03-12,5BK0uqwY9DNfZ630STAEaq,357107950,75205
2026-03-12,2o2sgVJIgFXk8GQjWTgI6U,257863865,67265
2026-03-12,0CD7DzeCsuPJygddqlUVYa,439954361,191368
2026-03-12,3CWq0pAKKTWb0K4yiglDc4,379023002,183356
2026-03-12,1hjRhYpWyqDpPahmSlUTlc,415482635,234965
2026-03-12,0TyGh27YQ5LknmiDhCzJiT,158884192,102024
2026-03-12,79uDOz0zuuWS7HWxzMmTa2,296954609,125235
2026-03-12,5QUIK7ZtziW8kGWo8RqopF,426863732,133696
2026-03-12,2yLa0QULdQr0qAIvVwN6B5,1004827675,327577
2026-03-12,1P17dC1amhFzptugyAO7Il,1417310825,281694
2026-03-12,2x0WlnmfG39ZuDmstl9xfX,618948670,156960
2026-03-12,1Ygm9KdH3wbzDekO8JgxcW,29767668,6665
2026-03-12,4twNUyTpLMPWokYmCdFDCH,919918,386
2026-03-12,6NFyWDv5CjfwuzoCkw47Xf,1301543099,448889
2026-03-12,6SYwJcqaltK2WFRmD1unUV,8668726,1940
2026-03-12,4svZDCRz4cJoneBpjpx8DJ,573700995,154203
2026-03-12,5VDHMi7own9vDZjiwDES1e,16795917,15429
2026-03-12,6505MLhnqTDDg4tjoUz2Wp,7761466,1547
2026-03-12,2NlmmAjGYrrjAp0MED5rGx,734745798,202719
2026-03-12,2ULNeSomDxVNmdDy8VxEBU,460004741,100370
2026-03-12,5RaBeejGtdPEszYEKYECs2,40255502,8536
2026-03-12,7AEAGTc8cReDqcbPoY9gwo,794112091,179102
2026-03-12,72jCZdH0Lhg93z6Z4hBjgj,1090970828,485347
2026-03-12,3as6Wz3mwbTnusWhZjTUNr,810314705,379718
2026-03-12,7G6TDmGJXDoBaV6NGj3Yic,810314705,379718
2026-03-12,0cITLOYn1Sv4q27zZPqlNK,293160567,65932
2026-03-12,3yII7UwgLF6K5zW3xad3MP,406061347,108407
2026-03-12,1spLfUJxtyVyiKKTegQ2r4,34625337,10456
2026-03-12,2QA3IixpRcKyOdG7XDzRgv,41310713,11812
2026-03-12,2ZoOmCSgj0ypVAmGd1ve4y,46432699,12856
2026-03-12,6K0CJLVXqbGMeJSmJ4ENKK,44838400,12537
2026-03-12,7an1exwMnfYRcdVQm0yDev,57700793,15510
2026-03-12,2QrQCMel6v2JiLxqrg4p2O,62704632,17333
2026-03-12,1SymEzIT3H8UZfibCs3TYi,503295279,167328
2026-03-12,4P9Q0GojKVXpRTJCaL3kyy,475362834,108236
2026-03-12,0kAZ3H6G9Zac4PMpmobMkj,95104511,36182
2026-03-12,3xYJScVfxByb61dYHTwiby,282197112,118470
2026-03-12,4zmKGsrXjLmljb5fTaBTot,289351304,130826
2026-03-12,2x3mwb96B6TquRqMtbxUE1,218632337,357739
2026-03-12,4qmFC3Jz5aQ0erlk2OSi2X,176394097,291593
2026-03-12,03bTIHJElXZ0O0jqOQvAbY,283113290,479901
2026-03-12,62V2ZHslgQV98gH4AuVXnr,202284138,354017
2026-03-12,1appZ3c336FkPvCuywfmrs,212056978,320324
2026-03-12,5eXgqtg3T8Av0m1FUaGHex,247085408,456022
2026-03-12,73OX8GdpOeGzKC6OvGSbsv,56439193,17671
2026-03-12,3nsfB1vus2qaloUdcBZvDu,376979326,190756
2026-03-12,4XMP3zVxrnr58T0tjIHvpR,270853678,29006
2026-03-12,5enxwA8aAbwZbf5qCHORXi,1175563169,521533
2026-03-12,4OAuvHryIVv4kMDNSLuPt6,435104959,202955
2026-03-12,3zwMVvkBe2qIKDObWgXw4N,492553066,234164
2026-03-12,7qEUFOVcxRI19tbT68JcYK,229060933,132512
2026-03-12,1K39ty6o1sHwwlZwO6a7wK,1007494075,305765
2026-03-12,1n3b9Eekoy3S9ZSZ5DmTW1,72809762,36878
2026-03-12,05GsNucq8Bngd9fnd4fRa0,162132434,94328
2026-03-12,4OmFmE0fzcMG6g0Y8p4eSD,200238900,111422
2026-03-12,01K4zKU104LyJ8gMb7227B,296215505,92213
2026-03-12,6aLOekfwbytwWvQftxTEF0,245034548,43068
2026-03-12,1u4HUiREUR6vX1W1RYG2Tm,16936842,5039
2026-03-12,0j0gJqxitjhmmkrW56dtQH,26856167,8153
2026-03-12,2d3d9xZutJjmUpntiyHt3F,37955920,9436
2026-03-12,16M9Rxid0nXhVmme7lzVwN,26856167,8153
2026-03-12,0heeNYlwOGuUSe7TgUD27B,360525489,75711
2026-03-12,1wtOxkiel43cVs0Yux5Q4h,518053886,103301
2026-03-12,3eX0NZfLtGzoLUxPNvRfqm,605044159,200234
2026-03-12,6GXgd1BPD9bUpqw5AntGV5,157563885,65611
2026-03-12,43y1WpBdnEy5TR9aZoSQL9,136521008,56624
2026-03-12,733OhaXQIHY7BKtY3vnSkn,121098122,51329
2026-03-12,0lKUBmEyQfzsQHozyeXzES,175159552,89543
2026-03-12,3CCRVu4F91Qp2mnGjmWBrf,280944353,110762
2026-03-12,1ULabO0PEsdJekqVH6G10G,117898164,47147
2026-03-12,6C0H8ts9M6deezz0yYR6LK,20799877,6229
2026-03-12,0V3wPSX9ygBnCm8psDIegu,1980445576,424964
2026-03-12,2wMKBH2p5kIDFkRWjS9IOW,1980445576,424964
2026-03-12,4YrpqEBNuz7IMsZtUP6bNQ,9530450,1666
2026-03-12,4XiypEn8iKbeP1TbTqdfk5,4661470,2245
2026-03-12,7kjSmkSo15pHlkb0mOQtfj,4561226,1852
2026-03-12,3qoftcUZaUOncvIYjFSPdE,706180759,174809
2026-03-12,2oWpe2L8ypC080BxpDVuTY,40494578,16984
2026-03-12,6F67FNdOBNMFzxdj1CQ5pL,18720082,7886
2026-03-12,1UHoF9p75IVsvUt6WdTYhn,1745433881,729211
2026-03-12,3hUxzQpSfdDqwM3ZTFQY0K,1745433881,729211
2026-03-12,4MGexoZc12lqE0hYkq9YYx,28374010,9094
2026-03-12,40PXEOFLJc7UIpLMrhSfW1,122542007,18792
2026-03-12,0v4z1tuZvn6LGknom9Qx7d,166024701,56695
2026-03-12,6IH2Z54gYPLqgJtxZjX80i,81431875,7103
2026-03-12,62rlxI6g2PNaWsHoiRryto,27986519,4922
2026-03-12,0qsSmObOgBZfuMIwfAQDBP,74883212,10595
2026-03-12,6S9G7J3EB1ZY0rrZPwsBg5,74883212,10595
2026-03-12,1EQn3Uc5AyUXoiPLeyCrrg,78066307,10435
2026-03-12,0Nw8hv79MLJa1yjtsEgz08,7614038,1378
2026-03-12,3K2es3gElMRJ3qvmPW442g,155233056,23438
2026-03-12,5l6GqSxplqnZbLg0LTPQeG,496072009,163154
2026-03-12,04S1pkp1VaIqjg8zZqknR5,1004536011,291035
2026-03-12,46NGAvL695VnbcSeTmQWmM,208502995,41543
2026-03-12,1IsquhJFJ0qcFZI7FeAEuN,14673663,3040
2026-03-12,6xsEAm6w9oMQYYg3jkEkMT,225239148,60849
2026-03-12,6qAcApH8obo8eqatCKUHd9,135871744,37800
2026-03-12,64FzgoLZ3oXu2SriZblHic,151351970,66101
2026-03-12,2evEoQAhIMaa9PfjTT5skG,20335554,3411
2026-03-12,48A0aShHlovDfTMucMrE66,144177082,23146
2026-03-12,5zOKuItOTZhRCGtPrDYmlj,4320886,1044
2026-03-12,7vvIpJZye5cRR6De1LKM0m,72818281,9892
2026-03-12,2slqvGLwzZZYsT4K4Y1GBC,139620458,16723
2026-03-12,4AYtqFyFbX0Xkc2wtcygTr,177979754,41060
2026-03-12,1SmiQ65iSAbPto6gPFlBYm,161567849,30433
2026-03-12,1By2VQkUN0Frd8mKNV5NYC,245233819,102618
2026-03-12,11UaQaEp2LvdspTyyuE3ur,118150837,23467
2026-03-12,32mVHdy0bi1XKgr0ajsBlG,252088256,63045
2026-03-12,16MVSD0mGI4RMQT83Qzm69,156295321,37610
2026-03-12,6iWMI5oOhWrDbLbjmwTWFq,165506587,24801
2026-03-12,6wfugRLamFsTRbPcCpNnP7,192950241,33352
2026-03-12,0NwGC0v03ysCYINtg6ns58,180271177,46010
2026-03-12,5kI4eCXXzyuIUXjQra0Cxi,450915153,94341
2026-03-12,4GS68CE8nKLIKjjapiSm2I,11313404,2141
2026-03-12,3oF7Or7T35yhQbGxbCGvRX,45366907,9110
2026-03-12,7FKbTRXXIWVFQmPH8zGfU0,23880550,3643
2026-03-12,4cOWq0cVsKjxaQpRMbDoH1,17856657,5568
2026-03-12,1kdWw77ZpYOkhxeuhzU1j6,148664940,45349
2026-03-12,71CBDRKmF2VeRKYMG1DFBh,248822624,78236
2026-03-12,1mh5dObNoOvCfHmXnhvDEK,16673051,5009
2026-03-12,4D7BCuvgdJlYvlX5WlN54t,847822423,321872
2026-03-12,4txojlesMFQZGWxwz2EeqB,359576367,100887
2026-03-12,2L09RYwH5Pjzca6PmbUAw3,365459735,108206
2026-03-12,7wo2UNeQBowm28hfAJsEMz,19760641,11113
2026-03-12,1u8c2t2Cy7UBoG4ArRcF5g,2377650992,986045
2026-03-12,4A4A6dwl5DqdqrZaEtKGPR,1160233311,467647
2026-03-12,45wMBGri1PORPjM9PwFfrS,360750787,161159
2026-03-12,0yisH8r0f3Mkq34kjzUlCV,5195490,424
2026-03-12,6cf6rLb8qcklvJv90W6HCW,25370655,4287
2026-03-12,4mqgn90sCeVSYqcoftTQTd,19135335,2653
2026-03-12,5gRYrtvyVyaCRvLt56OfuV,167541209,28798
2026-03-12,2zfgVd034GlUvk7LqBHl6u,146094260,19058
2026-03-12,7HC7R2D8WjXVcUHJyEGjRs,87143366,24080
2026-03-12,3r9bgSJlJz2zlevcBRYXko,86502768,19669
2026-03-12,7gdwoOmi258QJq0hmQ4hto,312222796,65457
2026-03-12,1MaqkdFNIKPdpQGDzme5ss,172634638,56134
2026-03-12,5og4Qzt92jJzVDkOtSEilb,368550491,169373
2026-03-12,74sZKiwaGtSEEyjhDmi99y,368550491,169373
2026-03-12,4qUijfYU8EoIWiY6oSyrgT,70548967,14026
2026-03-12,1GwMQaZz6Au3QLDbjbMdme,573130092,256849
2026-03-12,1VPHQriwOsy5aGHLwwZyho,539585,479
2026-03-12,2fgiBCtbWo8pijF6M7pN1i,15177417,5146
2026-03-12,6hH37tyeRdyan1mAppmVor,7049589,1551
2026-03-12,7ryS0xBZNYjQqql34GCkDp,35293136,13803
2026-03-12,4R2kfaDFhslZEMJqAFNpdd,1932083001,912990
2026-03-12,7zcnlq38eqNWyUF6eNaB5Z,1932083001,912990
2026-03-12,0Oju1YcbPCJuUQQWoZNdJK,823041321,411040
2026-03-12,1MgV7FIyNxIG7WzMRJV5HC,823041321,411040
2026-03-12,2hmafYGj1CXYKIYcMnX4lj,47065321,8291
2026-03-12,12xIjI9A9UlB6zEc7kyZ06,11817933,2489
2026-03-12,0g4fMVo4JjwnIpTfFfLdxS,121890285,56878
2026-03-12,4axSuOg3BqsowKjRpj59RU,93591405,24699
2026-03-12,0sY6ZUTh4yoctD8VIXz339,817308558,222077
2026-03-12,12ntTeqEeTg7GAVpe8Mhpl,313798674,111764
2026-03-12,0PurA4JVJ8YQgSVopY8fn6,431351011,135878
2026-03-12,3O5osWf1rSoKMwe6E9ZaXP,298229714,98404
2026-03-12,2NmsngXHeC1GQ9wWrzhOMf,606747024,223913
2026-03-12,4ABYxlb92WBIjHu7TIKmml,115982576,35396
2026-03-12,12nBPF4Rh4XLFJV0YLN7uj,67059751,22425
2026-03-12,4tMzIAFTFdqGBQLdfbPces,125471380,48538
2026-03-12,4e3ZNTAV6PCrdYMUrUlMpQ,121621439,37332
2026-03-12,1zU8j1x3yi9xalMF96pzKp,148972874,42838
2026-03-12,5xXqyjLicvEpch72qEryFT,144994303,42375
2026-03-12,0RdcBnAXyH2YZZvcBVu2k6,30510064,5717
2026-03-12,1rmEsOezwf2lmIZTMAO5Ag,161895831,117837
2026-03-12,3zMDGj4D8ogaYgAIZPeU7S,167923218,112405
2026-03-12,3hlGuz3loYoLfI3bpwieWq,171619591,107376
2026-03-12,62E2nR0od0M5HYxuYLaDz7,209184479,119922
2026-03-12,1Zai5UJ2di3qEuR2HeT2s8,129522507,67444
2026-03-12,2913xXOVAIDAqxzV2g4VcU,159271504,105803
2026-03-12,3ExweHKZF9B752DPQByRVT,58409345,14710
2026-03-12,31JVjy3XWnh6C2zf4kLCXN,9747508,854
2026-03-12,50ho0AOvkm8E5l8zf7OfJI,15218094,673
2026-03-12,7C0w28EsX0Um2FrZs9gso2,157335167,38124
2026-03-12,5tWxKWq1DSP1s9WQ5PWuqu,239416685,66929
2026-03-12,10GRRCR5fctuOF4GFmATJI,175534495,57473
2026-03-12,4mKye6Z1kXuKolzMkJoKFA,287895902,6840
2026-03-12,1hR8BSuEqPCCZfv93zzzz9,183782128,68596
2026-03-12,7F5oktn5YOsR9eR5YsFtqb,270417024,81516
2026-03-12,6IG3sQ8s9nfk6TUlVzRhbN,577627386,140172
2026-03-12,1g09DZjQ7yBommCT6POY2n,11508600,1298
2026-03-12,3oGVx9RBmiYGv5ZCecWLkx,121880592,28132
2026-03-12,0RFCHlNuTeUHIB36VuVbOL,25511867,8672
2026-03-12,4d9PtIEVij9jW5OaLinH66,173148361,77064
2026-03-12,4bXCcoesMt8u99xMsbLr9U,215287703,33032
2026-03-12,1DTRUYVd8rYpla9hhVVwjo,105683399,66365
2026-03-12,1kTPQnabROVkW9bUXdCGrB,120282627,20147
2026-03-12,7ogK4lJDVDMU6A6vYR5rvD,133962831,60311
2026-03-12,1alAo6dYalSx8yZUn17JxF,2921459,319
2026-03-12,4A2LfnduSTsE8u0ecYROxE,159239095,25394
2026-03-12,0qUnBLZ8bJqUNEeQgayL9t,363771781,88811
2026-03-12,4qyalTRMRH5YuEntvvMvq0,46794721,8018
2026-03-12,3kfgJql90tzgoxByioAMXR,57090396,7590
2026-03-12,4pNApnaUWAL2J4KO2eqokq,157535150,59662
2026-03-12,2r9CbjYgFhtAmcFv1cSquB,125003408,43827
2026-03-12,1n2wszmJyVkw6FHqyLnQsY,53462495,14171
2026-03-12,4uuEGH5SVuzkkSFjo2DEiY,92556005,23465
2026-03-12,34V9RiEPe8MNdU32qJsJa1,75243436,14969
2026-03-12,51A8eKvvZz9uydvIZ7xRSV,48138008,12851
2026-03-12,0cEG04R5cldkTLzK6phlcn,19116153,3642
2026-03-12,0k0vFacOHNuArLWMiH60p7,74385943,17881
2026-03-12,4pl5zcqCv4vc3cB7M4MZ6f,19116153,3642
2026-03-12,12M5uqx0ZuwkpLp5rJim1a,445304019,160098
2026-03-12,2dgFqt3w9xIQRjhPtwNk3D,368713691,105880
2026-03-12,1LLXZFeAHK9R4xUramtUKw,430224796,118269
2026-03-12,2YWtcWi3a83pdEg3Gif4Pd,344146271,79154
2026-03-12,3pHkh7d0lzM2AldUtz2x37,546178423,198264
2026-03-12,3k7ne7VmH43ZPWxPdvPUgR,231225500,55543
2026-03-12,5vyxXfD5gLlyPxGZMEjtmd,143744907,54610
2026-03-12,7zMcNqs55Mxer82bvZFkpg,262355992,54115
2026-03-12,15DeqWWQB4dcEWzJg15VrN,455480356,132533
2026-03-12,3fGnrtrtL1IHSX9t4DKOYf,83074872,23025
2026-03-12,0Jlcvv8IykzHaSmj49uNW8,764457479,268975
2026-03-12,0P9wLFurlgumLXuqFEpw52,764457479,268975
2026-03-12,1XjHRolIXL2M1EEOUsGGR4,255485283,88247
2026-03-12,1BxfuPKGuaTgP7aM0Bbdwr,3277538783,1121224
2026-03-12,1kHVme7OVyPqhtdiLj2SI4,3277538783,1121224
2026-03-12,1qrpoAMXodY6895hGKoUpA,1064824306,485860
2026-03-12,37jfioVu3Bd2Du9bteXNDU,44215603,24944
2026-03-12,0ISHfeb30gj4CSWUZYuesj,1217861,1149
2026-03-12,7I7JbDv63ZJJsSi24DyJrz,337627362,86510
2026-03-12,5PxFv9yJEg9dxvbZggykro,244880238,66817
2026-03-12,3ZfvKQxJp4zZshiJsRPoD1,393151,192
2026-03-12,7HuBDWi18s4aJM8UFnNheH,366636156,115102
2026-03-12,2NnrAdjE9cPdMklonMBuAv,43198005,4942
2026-03-12,0VE4kBnHJUgtMf0dy6DRmW,901521741,323937
2026-03-12,214nt20w5wOxJnY462klLw,552553574,177193
2026-03-12,5Iadj8IBPrt634WW0yGPRI,638025,287
2026-03-12,3QFB14MOUf3imlyISNmrbT,6953644,1141
2026-03-12,1fzAuUVbzlhZ1lJAx9PtY6,689796240,448329
2026-03-12,3sW3oSbzsfecv9XoUdGs7h,505612128,288706
2026-03-12,4bBDkw2KBMX0tcgAaXC83Q,393319962,175356
2026-03-12,6oVxXO5oQ4pTpO8RSnkzvv,555877868,487341
2026-03-12,1Fj0T1XKuhRu7EZzJ7NJIK,52183939,18184
2026-03-12,2Sy2oGjP5RYB4cLVoDU0Gz,52280955,12209
2026-03-12,1R0a2iXumgCiFb7HEZ7gUE,1571196613,503704
2026-03-12,6AtZLIzUINvExIUy4QhdjP,496456314,107949
2026-03-12,5JtXBqKLdfzwedmlUjjqAm,848516,280
2026-03-12,670fUmXf4KQekzbEgaXyPA,229592692,83104
2026-03-12,0ZNU020wNYvgW84iljPkPP,570911109,204638
2026-03-12,5jQyGzcwqAxwT5QUIMivoX,570911109,204638
2026-03-12,212gSq8QwTqxjHJSEcMoEZ,515848668,264911
2026-03-12,2F3N9tdombb64aW6VtZOdo,515848668,264911
2026-03-12,2XXwLdtuAcE0HSCu61ijAb,398558071,205210
2026-03-12,3NMrVbIVWT3fPXBj0rNDKG,325844475,150278
2026-03-12,1kcwpPDQnqEqmezzXdJTCP,248201209,161810
2026-03-12,3Vevii7qKqrmW8CcyzBHDl,415132677,189327
2026-03-12,2k0w1FGqvzVPgQ9VdTaJpe,374058,264
2026-03-12,62HoDY1Km6lm47haFpUn9c,196182875,280088
2026-03-12,2TEQvxxQabwLQMqWMg1qGu,249403373,455713
2026-03-12,2JHzTARFUispsjZHKhrxxO,4369717,12486
2026-03-12,6hKfPNnVlA2cgTgKj6Vgcw,7117251,20234
2026-03-12,2DF2sUvgHFKJ5TQGjm6n3T,5100836,11742
2026-03-12,1qwClaxDb5fCrLjXaAmB35,13205049,42233
2026-03-12,1jgTiNob5cVyXeJ3WgX5bL,310427757,558615
2026-03-12,4UBWugj5D20ZveyzdGpqvD,8189852,20043
2026-03-12,3r9fAceWmaDFvbNiTnFiLr,1447799,1959
2026-03-12,4cag67C3v9ToeFivUwDUsE,440382,209
2026-03-12,08fa9LFcFBTcilB3iq2e2A,233205658,58512
2026-03-12,6MWoRt97mnSTXZhu3ggi9C,242417775,65710
2026-03-12,0eFQWVz0qIxDOvhLpZ40P7,208978369,59441
2026-03-12,7MbT4I8qGntX4fMdqMQgke,268348564,75714
2026-03-12,4yyKppX85ZkmlGOC2toBZA,13390339,4694
2026-03-12,560uQyz3p5G9WdnMX39xc6,21105465,7797
2026-03-12,0QTBsdoJhamY3Aid3fOsOd,16297585,5366
2026-03-12,4YHHz3VIXgNDGdoL9xC1tx,14690467,5096
2026-03-12,4pvb0WLRcMtbPGmtejJJ6y,1065499598,467869
2026-03-12,6kz2hkq1xQvDqPcUyBkw8f,1065499598,467869
2026-03-12,0lx2cLdOt3piJbcaXIV74f,1072682917,256359
2026-03-12,2NIBaWXdjaTDmytjjwbEfP,50605390,10661
2026-03-12,5hQSXkFgbxjZo9uCwd11so,367172273,220266
2026-03-12,6VsvKPJ4xjVNKpI8VVZ3SV,517254923,209088
2026-03-12,2NGGvVcfb2m2NbVaXHC3gb,1282907,1979
2026-03-12,3F6czr26ZwGU5O5CHY04Ma,147518330,50639
2026-03-12,6zV8AVM9eVfdG7Qahwd64R,147518330,50639
2026-03-12,77sMIMlNaSURUAXq5coCxE,454559748,178293
2026-03-12,2nqio0SfWg6gh2eCtfuMa5,132215014,31386
2026-03-12,4s8BIKx4Zh6ryAEz8RTlaU,135295010,52976
2026-03-12,1msEuwSBneBKpVCZQcFTsU,146997291,36565
2026-03-12,3ZVFcD8Wlw9T9klGqmJf9F,323365209,162832
2026-03-12,6dTA6y0C2ReQklntzZl8l3,145674193,54711
2026-03-12,550erGcdD9n6PnwxrvYqZT,118634419,31531
2026-03-12,6kl8thRysTeVV3WvKxgZAy,425662503,205911
2026-03-12,7G0gBu6nLdhFDPRLc0HdDG,274051882,99737
2026-03-12,3M0w3fhdXByHLCNAoi5c9G,131071548,24288
2026-03-12,4yf9OivCH2lmQWN8mzpCC6,131071548,24288
2026-03-12,0KztjtD3ytzgYjUKIVfBnW,264879117,56365
2026-03-12,6LZaxlycSWrJZ4Volb25qx,251052767,43786
2026-03-12,01QdEx6kFr78ZejhQtWR5m,68631854,18804
2026-03-12,2BUTSRKPGRsyc9FnsC5Udd,20283003,15043
2026-03-12,2OzhQlSqBEmt7hmkYxfT6m,1134981977,650351
2026-03-12,13MAWVUSkbGMUi6I7RowRK,29832917,3984
2026-03-12,4dgf2DYVJbtmy8zAYLs4c7,801678214,383388
2026-03-12,0hhzNPE68LWLfgZwdpxVdR,282362714,174974
2026-03-12,46HGgtwmmuEB8mvDCyjyAc,29832917,3984
2026-03-12,1gejz5ROvJBUb6WJzkMAcc,40077959,27045
2026-03-12,1zxrcAk6eiytfavqriMcKT,60267916,12004
2026-03-12,7bdyzcQ0onk60hfsxDCd2X,522334,219
2026-03-12,7pM01Cfj8vt7z3qI2TveNT,2107477,688
2026-03-12,3fO566xJgwxIa3qGCGBvIC,248674985,154870
2026-03-12,2bzUVEvpZ7At5cYz1kOLI9,87012862,27441
2026-03-12,73W5aXorr5vxrySFcoZqIN,186704532,104444
2026-03-12,1ZY1PqizIl78geGM4xWlEA,735370085,142885
2026-03-12,0DMVrlMUn01M0IcpDbwgu7,77574684,20962
2026-03-12,1SztNGCwEHJEVFx90E5g7D,199151905,51322
2026-03-12,3ZHTwJzCNDFvjLpVQiqpH6,402751,171
2026-03-12,1QQii3pa5m8MEda0nbkjfw,455476011,123310
2026-03-12,5d2Kn9oAAh9S2EbyCo1i52,60048858,10434
2026-03-12,2R7C9dDqv1UPycvepBFziA,28200857,4216
2026-03-12,4fWDgRZa0GKE5KZNhE9MQa,55447508,10385
2026-03-12,6wcFdMmiDscAhZJrcVFumx,55447508,10385
2026-03-12,0W0iAC1VGlB82PI6elxFYf,552173314,461621
2026-03-12,60hGQrn24APqEFSLObLeDc,284759036,69733
2026-03-12,5Bedn0svl0ZD7RGmJkmKKw,213407433,121440
2026-03-12,2CnjDMdpRjlWv04Xk3s6MW,93097100,51974
2026-03-12,5VwFkx7JOimOGTYfha5rs1,67175191,8462
2026-03-12,7J4b3LVCIGO4CMBDFLPoP6,117193268,34559
2026-03-12,4CkgMiMqZ5JzW9iYXSTMTL,282759633,93302
2026-03-12,0hFF0aqyjDwDh6SQwRbTyx,7759279,4709
2026-03-12,2PGIFYRG1XWsPqNG14hgD1,5059699,1759
2026-03-12,2hecdut2HWM5JMHqLTWThq,519282,195
2026-03-12,5kHMfzgLZP95O9NBy0ku4v,339193419,86598
2026-03-12,2y5aJvzXhHPA94U5GFAcXe,2094386762,676044
2026-03-12,4JQm7ebhsrt10wmrP6AfXL,6382652,557
2026-03-12,43rA71bccXFGD4C8GOpIlN,412030784,86942
2026-03-12,3RauEVgRgj1IuWdJ9fDs70,997015547,272312
2026-03-12,5chnRTB9qMK3W1M41SnU9s,183472431,81528
2026-03-12,4TtyvyI42C0KFnbDZvNC8Y,4899064,438
2026-03-12,0JIdBrXGSJXS72zjF9ss9u,67182080,19652
2026-03-12,0vvt4IZOMkRug195S4MUq0,49047881,8565
2026-03-12,3lXekiVK1ZPZbKconsys73,166351444,21762
2026-03-12,5OOd01o2YS1QFwdpVLds3r,45771365,12463
2026-03-12,5KByGq0JijSSDcy0qzuINs,17187899,5940
2026-03-12,08gavXombT6KR0af88i9tA,28710459,5406
2026-03-12,6WWvcA62QlnRguluWAk6bv,28710459,5406
2026-03-12,45R112Jz5hQeKgITXgSXzs,1006160180,250712
2026-03-12,5NlYplrGsjUDFZ6x3HeVyT,880927323,172045
2026-03-12,2m3ObD945KvpE5y9A1eUWm,76095568,23573
2026-03-12,2JoJrsEV15OzbijS47lids,72293344,20863
2026-03-12,5jQI2r1RdgtuT8S3iG8zFC,880927323,172045
2026-03-12,1cSFlSBdpT4F5vb1frQ231,96718402,27106
2026-03-12,3rWDp9tBPQR9z6U5YyRSK4,843485585,235729
2026-03-12,4i6cwNY6oIUU2XZxPIw82Y,113836780,24065
2026-03-12,30Y4CV7A6YqtQtTTo7Ue4j,138401953,37628
2026-03-12,2IprIjGNRlj3TfqUWCAo0C,43883957,3395
2026-03-12,3nRmDz7qGCvsMS30rGGY0x,294832271,98870
2026-03-12,5EsfyTD26nlVQ0DtYo16uJ,366129,180
2026-03-12,1D27z8xNzjW0Mwwt1NCWhJ,139319555,29472
2026-03-12,73qMN9bXy7MSPwwGfH3wQr,134850689,43902
2026-03-12,59KOoHFcw5XfICnO57holu,135619290,78264
2026-03-12,1HCdems7PQZRj42QDWLA0A,127748422,48318
2026-03-12,2M4tVhRXucLE9M3STv21Yi,29125323,6153
2026-03-12,0ThxqUZ9PwS6n0UT5i1XH6,3069766,889
2026-03-12,7Bjf96uNizpvXLvNyOJpst,18402361,2971
2026-03-12,3YkNIrAvbKNrrwwEd7NVLl,355713062,303424
2026-03-12,18WFFUIsewmA8g31KAeo3e,262161834,191840
2026-03-12,6XDBA3QWX51lDJ0oZbaJJN,116442255,25528
2026-03-12,4hqJ4bSlYJOXb6Z4SRmzxs,217926526,94483
2026-03-12,1zz0XSmHCFd57ne04UAp38,767232,269
2026-03-12,0kN3oXYWWAk1uC0y2WoyOE,1103280987,353535
2026-03-12,5xPsybHWRHbTYO44xnREY5,1103280987,353535
2026-03-12,6YvqWjhGD8mB5QXcbcUKtx,1157292160,508463
2026-03-12,3RNDw7yywLNyawDKV99hTx,11407392,2209
2026-03-12,4VbErhGDMTnvPAnt5z70DL,2515936,577
2026-03-12,1dGr1c8CrMLDpV6mPbImSI,1997551436,711684
2026-03-12,3i9UVldZOE0aD0JnyfAZZ0,330185752,42756
2026-03-12,4lD3RXyvHpJsM3BhIEC4aA,13826430,4447
2026-03-12,2msvOEbkK50foYf9BMXr2X,30094741,7020
2026-03-12,04xrhDrQ2WOW8GLwu7kbc0,14503933,4913
2026-03-12,2QDyYdZyhlP2fp79KZX8Bi,271366345,63900
2026-03-12,2Eeur20xVqfUoM3Q7EFPFt,454708306,101912
2026-03-12,4ojxSyrEraN7d46BMBPThZ,454708306,101912
2026-03-12,2Rk4JlNc2TPmZe2af99d45,973749520,144207
2026-03-12,5fOV54t6mMYv3H9CsnvU81,9645765,2744
2026-03-12,36a08nLG1xazGaaVKK0vv7,9875297,2902
2026-03-12,7mFiEij8AXPUZB7aKLbUlQ,7876390,1083
2026-03-12,68QyrSzpnoU04AAhE5z8lj,7380476,1067
2026-03-12,1aBJNc2thaKyh5THWzIqHX,10231761,1520
2026-03-12,3tGq7hWDCtrnL83y5OGual,24580137,5415
2026-03-12,3z6XUommYDWPHeFhmhhT6j,279901286,132848
2026-03-12,7yndkPYP6YQQLBpPsizDfh,7907154,1182
2026-03-12,2yceD2hx5HhOLgkm1CITCi,22947548,8360
2026-03-12,2CYVETnhM9aytqrazYYwrK,467049594,127382
2026-03-12,5mdNyCS7ttVcAyVYOIFEjs,31158823,13116
2026-03-12,1gaLZjPrDnHQWJds2Jg4KT,28675157,12771
2026-03-12,3JilapcaOXzjR9gtvCY8FO,98954507,18208
2026-03-12,2EFZ9emtKWEglWUQGEQ3P9,88417617,38574
2026-03-12,3yNJkriPzWjkkDAWHIAVUq,81536034,26430
2026-03-12,6rZVy6FIG7lSJQMFXHo12z,326631610,78122
2026-03-12,5M787RexsAiVYjQusM98CV,217831558,87208
2026-03-12,6HRsJu8vcnzYDN4t0570FY,121219025,55885
2026-03-12,13tYZVTtzLUJTlM7m1ivbi,380154,185
2026-03-12,3RaT22zZsxVYxxKR7TAaYF,346106621,73373
2026-03-12,0E3Vtmgzk067KASoo0HwzV,2458600,130737
2026-03-12,3yWuTOYDztXjZxdE2cIRUa,609628881,2142398
2026-03-12,0ttGLmxI0mAkMblE6iRm2S,1685868,39392
2026-03-12,5t1wMjV9ldVDdYs4l7mG2g,1533116,56439
2026-03-12,7y16ygjcEcfo1VYKxmgVZY,9255236,32905
2026-03-12,7vf4GBEJmv0uXojpr5qPMX,1088679,2870
2026-03-12,7EWLNUpx0QWUCYfmBJS9qb,980079,14370
2026-03-12,1VCcPLfDiR1S9PJaSp5qm5,499758,7579
2026-03-12,5SkuikJwvwfEvNyCepGkq3,1345294,1780
2026-03-12,045ZeOHPIzhxxsm8bq5kyE,252390061,229836
2026-03-12,4y5bvROuBDPr5fuwXbIBZR,826033415,227501
2026-03-12,77p4fRpoeiZMtUy3P9kN21,15751303,2277
2026-03-12,22bPsP2jCgbLUvh82U0Z3M,577545654,234609
2026-03-12,0UAdDYrkCvVQftaKpL6q5f,56234887,10835
2026-03-12,6lzc0Al0zfZOIFsFvBS1ki,161138902,43049
2026-03-12,3S7HNKPakdwNEBFIVTL6dZ,144424882,37336
2026-03-12,7nWui6jiMM2m9qFmET1Mtj,57838996,15778
2026-03-12,0NRHj8hDwwmSPaA41o379r,94994457,25774
2026-03-12,4e5ayHsOLJNLTGfjau2mEw,100198474,24397
2026-03-12,4IQkfUsrwXol38VV3U7t7T,166708944,27141
2026-03-12,5jAIouBES8LWMiriuNq170,71753428,23627
2026-03-12,5QKhg4r4Ibt0LVTmWEXTEg,43717782,6811
2026-03-12,2RJnNdu4pb3MypbBroHU0T,82221402,25953
2026-03-12,6INztpNwOTlfSKTuPo0HOP,99928611,47624
2026-03-12,0z9UVN8VBHJ9HdfYsOuuNf,255924613,28896
2026-03-12,5eGX87IiKsGuzS3iw4CfCX,81384212,11216
2026-03-12,2vJ7QvyCiR4DaHxwO58izA,402617090,105661
2026-03-12,6KJqZcs9XDgVck7Lg9QOTC,402617090,105661
2026-03-12,0cqRj7pUJDkTCEsJkx8snD,1837901864,706138
2026-03-12,71IScwIe7bcIlpnlkbKVQw,16766741,834
2026-03-12,3pv7Q5v2dpdefwdWIvE7yH,224049695,95426
2026-03-12,1cJkUN5LAotktryx2nPCr7,8169252,766
2026-03-12,1J1ldDi3rMQlRi49gaba0a,391815179,299238
2026-03-12,1tuNqJOtRQVHvONR8Lg3MZ,273398712,179575
2026-03-12,5oJUjUsBZcqyEhOdpif37h,322343,189
2026-03-12,3MytWN8L7shNYzGl4tAKRp,185268842,67471
2026-03-12,7dXKdjpOaH2iwfFKmUj7aq,161326597,25739
2026-03-12,0vqI4ZIMuifeKeItGiWbPj,47836623,7908
2026-03-12,7A2cNLRT0YJc1yjxHlKihs,93766606,26843
2026-03-12,6pYNq0ZwpPVazKzsqpf0G8,227005979,61189
2026-03-12,786NsUYn4GGUf8AOt0SQhP,67890148,12378
2026-03-12,5G9AVKld9q7DCrmoY42raf,25723923,3149
2026-03-12,1qLeEu4iXEclkLwoBlMiou,62791421,8388
2026-03-12,7eQj6r5PIdYKEIZjucBMcq,113045553,26332
2026-03-12,0ug5NqcwcFR2xrfTkc7k8e,1694295951,1270448
2026-03-12,6M9ppdfFjR1AbpUl3Y8DcV,158032396,47387
2026-03-12,4evLyY5Ue1Wesc61t2KXAU,57360163,19017
2026-03-12,0zo975x58DlXbZllWvfYhg,109949842,28600
2026-03-12,0XfTh16YcKPzdxMPTeKTAq,15745887,3149
2026-03-12,14Bljc3pOOG0xQX3wqhLN9,15745887,3149
2026-03-12,4pJi1rVt9GNegU9kywjg4z,46367162,16142
2026-03-12,0Om9WAB5RS09L80DyOfTNa,164995849,33283
2026-03-12,4XrP7vKBjKLEYlRZdb0Ygr,35341903,6571
2026-03-12,6vLpy7UPYuOa75Bkqocrcw,35341903,6571
2026-03-12,7eResoqEJJAVTkQYSqvO3P,100179724,25070
2026-03-12,4EF6IyONolQy0bIQXm2EmX,142775574,70201
2026-03-12,5YbZZ2gYfvW1UvHHF4pVaD,45681621,9503
2026-03-12,6ON9UuIq49xXY9GPmHIYRp,70712314,22788
2026-03-12,53iuhJlwXhSER5J2IYYv1W,1148666759,4000594
2026-03-12,5cKBWgDjB5IXZ5jnryewOH,1148666759,4000594
2026-03-12,3Z2nTctPsTsgqqJm5fCSvG,15552147,36545
2026-03-12,6PlBKImSl4AZoxBU7F649D,21015367,99432
2026-03-12,3JNaLxAymiSUMrmjOarjeo,13470485,69704
2026-03-12,5k9RjjuYyOMCLL81U8FaHT,1632904,2018
2026-03-12,2VuqMjgoKaOHNM8HpxtXKx,374091379,115299
2026-03-12,3wx2iW1rJGgdNln2I64HNh,226236479,41023
2026-03-12,6mqyTq948oap5AkyTsd6XF,20968518,6853
2026-03-12,0y6kdSRCVQhSsHSpWvTUm7,162752936,61622
2026-03-12,42TAweWJJ9YlQ47T5nesu5,901791,1317
2026-03-12,2wtHlpYSgC7xEdD3DrSHNL,47988827,6959
2026-03-12,0xvsgzM8AtBtRHZm5rav8A,17880740,5058
2026-03-12,1yDJcXc549N6AabNBzFAku,17880740,5058
2026-03-12,4GBbcyrbDzwRtQjrsDRywK,332802895,176005
2026-03-12,72GIZuUXo14oyrS0si3Rgc,8096617,1428
2026-03-12,77VotUUL79U10TAnYdqwvr,83094902,24185
2026-03-12,7kt9e9LFSpN1zQtYEl19o1,567416488,262975
2026-03-12,07NxDD1iKCHbAldceD7QLP,281111425,62681
2026-03-12,0MtU9ETYyVX8YPBDCYPdMb,341391,158
2026-03-12,4WBEj8TeGtRPNJdOmT3WJW,366010775,161134
2026-03-12,4pFvEWbjBpPUdYRQly0THs,35284368,8694
2026-03-12,5kYFVSQoPu7yRpfiHBwMUk,60414834,9037
2026-03-12,7BT9K9BDqq6HI2oWH5UMZQ,17959142,2300
2026-03-12,2IZ00ed83ygPIiacYScWUE,26172272,5594
2026-03-12,6ovFJkdau79DuXEvQjPaNH,26172272,5594
2026-03-12,0tQ9vBYpldCuikPsbgOVKA,84668088,45313
2026-03-12,1xwAWUI6Dj0WGC3KiUPN0O,508808087,106956
2026-03-12,5YqltLsjdqFtvqE7Nrysvs,474832098,125536
2026-03-12,7GZ3KDorsc1yWndEtzGTjf,8578620,606
2026-03-12,1yFjBRQVhRdcdnrTE5LuyD,125116776,23930
2026-03-12,4jPtq9shRdUv8Zjr0a5xkD,125116776,23930
2026-03-12,5YL553x8sHderRBDlm3NM3,152105488,72795
2026-03-12,0U0etHtpARihOUUY8Akc7y,19715643,5676
2026-03-12,77d7q9TNbsIDmRTDPkPv3L,19715643,5676
2026-03-12,5F7hpFKLmWgMHGxQuwssuv,10645620,2299
2026-03-12,5XkJj6sV2XLMaURdmdXgNx,10645620,2299
2026-03-12,5ylJtmaWPJ33cW3En7WOu0,221999998,333222
2026-03-12,4CHpVfAhuxNJ3ibExe6kxO,132405782,21527
2026-03-12,5pcjystBtalYeqaiXCcgEY,132405782,21527
2026-03-12,6RRNNciQGZEXnqk8SQ9yv5,1123857730,187845
2026-03-12,4N419mmxYybTfAECy5j4dw,51148580,8222
2026-03-12,6HWYtS215rxaaMjvpyG18W,51148580,8222
2026-03-12,6iiAfo4wTA2CVC3Uwx9uh8,97760125,26963
